Weapon_name,Category
weapon_elite,None
weapon_awp,Rifle
weapon_r8revolver,Pistol
weapon_ssg08,Rifle
weapon_mag7,Heavy
weapon_nova,Heavy
weapon_scar20,Rifle
weapon_g3sg1,Rifle
weapon_sawedoff,Heavy
weapon_xm1014,Heavy
weapon_deagle,Pistol
weapon_ak47,Rifle
weapon_tec9,Pistol
weapon_p250,Pistol
weapon_fiveseven,Pistol
weapon_cz75auto,Pistol
weapon_sg553,Rifle
weapon_negev,Heavy
weapon_m249,Heavy
weapon_m4a4,Rifle
weapon_m4a1s,Rifle
weapon_ump45,SMGs
weapon_usps,Pistol
weapon_p2000,Pistol
weapon_galilar,Rifle
weapon_aug,Rifle
weapon_famas,Rifle
weapon_mp7,SMGs
weapon_mp5sd,SMGs
weapon_mac10,SMGs
weapon_p90,SMGs
weapon_glock,Pistol
weapon_bizon,SMGs
weapon_mp9,SMGs
grenade_hegrenade,Grenade
grenade_flashbang,Grenade
grenade_smokegrenade,Grenade
grenade_incendiarygrenade,Grenade
grenade_molotovgrenade,Grenade
grenade_decoygrenade,Grenade
