dteday,Twilight start,Sunrise,Sunset,Twilight end,Day length,Solar noon,Nautical twilight Start,Nautical twilight End,Astronomical twilight Start,Astronomical twilight End
1/1/2011,6:57:07 AM,7:26:48 AM,4:57:13 PM,5:26:54 PM,9:30:25,12:12:00 PM,6:23 AM,6:00 PM,5:51 AM,6:32 PM
1/2/2011,6:57:14 AM,7:26:54 AM,4:58:03 PM,5:27:42 PM,9:31:09,12:12:28 PM,6:23 AM,6:01 PM,5:51 AM,6:33 PM
1/3/2011,6:57:20 AM,7:26:57 AM,4:58:55 PM,5:28:32 PM,9:31:58,12:12:56 PM,6:24 AM,6:01 PM,5:51 AM,6:34 PM
1/4/2011,6:57:24 AM,7:26:59 AM,4:59:47 PM,5:29:22 PM,9:32:48,12:13:23 PM,6:24 AM,6:02 PM,5:51 AM,6:34 PM
1/5/2011,6:57:25 AM,7:26:58 AM,5:00:41 PM,5:30:14 PM,9:33:43,12:13:50 PM,6:24 AM,6:03 PM,5:51 AM,6:35 PM
1/6/2011,6:57:25 AM,7:26:55 AM,5:01:36 PM,5:31:07 PM,9:34:41,12:14:16 PM,6:24 AM,6:04 PM,5:52 AM,6:36 PM
1/7/2011,6:57:23 AM,7:26:50 AM,5:02:33 PM,5:32:00 PM,9:35:43,12:14:41 PM,6:24 AM,6:05 PM,5:52 AM,6:37 PM
1/8/2011,6:57:18 AM,7:26:43 AM,5:03:30 PM,5:32:55 PM,9:36:47,12:15:07 PM,6:24 AM,6:06 PM,5:52 AM,6:38 PM
1/9/2011,6:57:12 AM,7:26:34 AM,5:04:29 PM,5:33:51 PM,9:37:55,12:15:31 PM,6:24 AM,6:06 PM,5:51 AM,6:39 PM
1/10/2011,6:57:03 AM,7:26:22 AM,5:05:29 PM,5:34:47 PM,9:39:07,12:15:55 PM,6:24 AM,6:07 PM,5:51 AM,6:39 PM
1/11/2011,6:56:53 AM,7:26:09 AM,5:06:29 PM,5:35:45 PM,9:40:20,12:16:19 PM,6:23 AM,6:08 PM,5:51 AM,6:40 PM
1/12/2011,6:56:40 AM,7:25:53 AM,5:07:31 PM,5:36:43 PM,9:41:38,12:16:42 PM,6:23 AM,6:09 PM,5:51 AM,6:41 PM
1/13/2011,6:56:26 AM,7:25:35 AM,5:08:33 PM,5:37:42 PM,9:42:58,12:17:04 PM,6:23 AM,6:10 PM,5:51 AM,6:42 PM
1/14/2011,6:56:09 AM,7:25:15 AM,5:09:36 PM,5:38:42 PM,9:44:21,12:17:26 PM,6:23 AM,6:11 PM,5:51 AM,6:43 PM
1/15/2011,6:55:51 AM,7:24:53 AM,5:10:40 PM,5:39:43 PM,9:45:47,12:17:47 PM,6:23 AM,6:12 PM,5:51 AM,6:44 PM
1/16/2011,6:55:30 AM,7:24:29 AM,5:11:44 PM,5:40:44 PM,9:47:15,12:18:07 PM,6:22 AM,6:13 PM,5:50 AM,6:45 PM
1/17/2011,6:55:08 AM,7:24:03 AM,5:12:50 PM,5:41:45 PM,9:48:47,12:18:26 PM,6:22 AM,6:14 PM,5:50 AM,6:46 PM
1/18/2011,6:54:43 AM,7:23:35 AM,5:13:55 PM,5:42:48 PM,9:50:20,12:18:45 PM,6:22 AM,6:15 PM,5:50 AM,6:47 PM
1/19/2011,6:54:17 AM,7:23:05 AM,5:15:02 PM,5:43:50 PM,9:51:57,12:19:03 PM,6:21 AM,6:16 PM,5:49 AM,6:48 PM
1/20/2011,6:53:48 AM,7:22:33 AM,5:16:09 PM,5:44:53 PM,9:53:36,12:19:21 PM,6:21 AM,6:17 PM,5:49 AM,6:49 PM
1/21/2011,6:53:18 AM,7:21:59 AM,5:17:16 PM,5:45:57 PM,9:55:17,12:19:37 PM,6:20 AM,6:18 PM,5:49 AM,6:50 PM
1/22/2011,6:52:46 AM,7:21:23 AM,5:18:24 PM,5:47:01 PM,9:57:01,12:19:53 PM,6:20 AM,6:19 PM,5:48 AM,6:51 PM
1/23/2011,6:52:11 AM,7:20:45 AM,5:19:32 PM,5:48:05 PM,9:58:47,12:20:08 PM,6:19 AM,6:20 PM,5:48 AM,6:52 PM
1/24/2011,6:51:35 AM,7:20:05 AM,5:20:40 PM,5:49:10 PM,10:00:35,12:20:23 PM,6:19 AM,6:21 PM,5:47 AM,6:53 PM
1/25/2011,6:50:57 AM,7:19:23 AM,5:21:49 PM,5:50:15 PM,10:02:26,12:20:36 PM,6:18 AM,6:22 PM,5:47 AM,6:54 PM
1/26/2011,6:50:18 AM,7:18:40 AM,5:22:58 PM,5:51:20 PM,10:04:18,12:20:49 PM,6:18 AM,6:23 PM,5:46 AM,6:55 PM
1/27/2011,6:49:36 AM,7:17:54 AM,5:24:07 PM,5:52:25 PM,10:06:13,12:21:01 PM,6:17 AM,6:24 PM,5:45 AM,6:56 PM
1/28/2011,6:48:53 AM,7:17:07 AM,5:25:16 PM,5:53:31 PM,10:08:09,12:21:12 PM,6:16 AM,6:25 PM,5:45 AM,6:57 PM
1/29/2011,6:48:08 AM,7:16:18 AM,5:26:26 PM,5:54:36 PM,10:10:08,12:21:22 PM,6:16 AM,6:26 PM,5:44 AM,6:58 PM
1/30/2011,6:47:21 AM,7:15:27 AM,5:27:35 PM,5:55:42 PM,10:12:08,12:21:31 PM,6:15 AM,6:27 PM,5:44 AM,6:59 PM
1/31/2011,6:46:33 AM,7:14:35 AM,5:28:45 PM,5:56:48 PM,10:14:10,12:21:40 PM,6:14 AM,6:28 PM,5:43 AM,7:00 PM
2/1/2011,6:45:42 AM,7:13:41 AM,5:29:55 PM,5:57:53 PM,10:16:14,12:21:48 PM,6:13 AM,6:29 PM,5:42 AM,7:01 PM
2/2/2011,6:44:50 AM,7:12:45 AM,5:31:04 PM,5:58:59 PM,10:18:19,12:21:55 PM,6:13 AM,6:30 PM,5:41 AM,7:02 PM
2/3/2011,6:43:57 AM,7:11:48 AM,5:32:14 PM,6:00:05 PM,10:20:26,12:22:01 PM,6:12 AM,6:31 PM,5:40 AM,7:03 PM
2/4/2011,6:43:02 AM,7:10:49 AM,5:33:23 PM,6:01:11 PM,10:22:34,12:22:06 PM,6:11 AM,6:32 PM,5:40 AM,7:04 PM
2/5/2011,6:42:05 AM,7:09:49 AM,5:34:33 PM,6:02:17 PM,10:24:44,12:22:11 PM,6:10 AM,6:33 PM,5:39 AM,7:05 PM
2/6/2011,6:41:07 AM,7:08:47 AM,5:35:42 PM,6:03:22 PM,10:26:55,12:22:15 PM,6:09 AM,6:34 PM,5:38 AM,7:06 PM
2/7/2011,6:40:07 AM,7:07:44 AM,5:36:51 PM,6:04:28 PM,10:29:07,12:22:18 PM,6:08 AM,6:36 PM,5:37 AM,7:07 PM
2/8/2011,6:39:06 AM,7:06:39 AM,5:38:00 PM,6:05:34 PM,10:31:21,12:22:20 PM,6:07 AM,6:37 PM,5:36 AM,7:08 PM
2/9/2011,6:38:03 AM,7:05:33 AM,5:39:09 PM,6:06:39 PM,10:33:36,12:22:21 PM,6:06 AM,6:38 PM,5:35 AM,7:09 PM
2/10/2011,6:36:59 AM,7:04:26 AM,5:40:18 PM,6:07:44 PM,10:35:52,12:22:22 PM,6:05 AM,6:39 PM,5:34 AM,7:10 PM
2/11/2011,6:35:54 AM,7:03:17 AM,5:41:26 PM,6:08:49 PM,10:38:09,12:22:22 PM,6:04 AM,6:40 PM,5:33 AM,7:11 PM
2/12/2011,6:34:47 AM,7:02:07 AM,5:42:35 PM,6:09:54 PM,10:40:28,12:22:21 PM,6:03 AM,6:41 PM,5:32 AM,7:12 PM
2/13/2011,6:33:39 AM,7:00:56 AM,5:43:43 PM,6:10:59 PM,10:42:47,12:22:19 PM,6:02 AM,6:42 PM,5:31 AM,7:13 PM
2/14/2011,6:32:29 AM,6:59:43 AM,5:44:50 PM,6:12:04 PM,10:45:07,12:22:17 PM,6:01 AM,6:43 PM,5:30 AM,7:14 PM
2/15/2011,6:31:19 AM,6:58:29 AM,5:45:58 PM,6:13:08 PM,10:47:29,12:22:14 PM,6:00 AM,6:44 PM,5:29 AM,7:15 PM
2/16/2011,6:30:07 AM,6:57:14 AM,5:47:05 PM,6:14:13 PM,10:49:51,12:22:10 PM,5:58 AM,6:45 PM,5:28 AM,7:16 PM
2/17/2011,6:28:54 AM,6:55:58 AM,5:48:12 PM,6:15:17 PM,10:52:14,12:22:05 PM,5:57 AM,6:46 PM,5:26 AM,7:17 PM
2/18/2011,6:27:39 AM,6:54:41 AM,5:49:19 PM,6:16:21 PM,10:54:38,12:22:00 PM,5:56 AM,6:47 PM,5:25 AM,7:18 PM
2/19/2011,6:26:24 AM,6:53:23 AM,5:50:25 PM,6:17:24 PM,10:57:02,12:21:54 PM,5:55 AM,6:48 PM,5:24 AM,7:19 PM
2/20/2011,6:25:07 AM,6:52:04 AM,5:51:31 PM,6:18:28 PM,10:59:27,12:21:47 PM,5:54 AM,6:49 PM,5:23 AM,7:20 PM
2/21/2011,6:23:49 AM,6:50:44 AM,5:52:37 PM,6:19:31 PM,11:01:53,12:21:40 PM,5:52 AM,6:50 PM,5:21 AM,7:21 PM
2/22/2011,6:22:31 AM,6:49:23 AM,5:53:42 PM,6:20:34 PM,11:04:19,12:21:32 PM,5:51 AM,6:51 PM,5:20 AM,7:22 PM
2/23/2011,6:21:11 AM,6:48:01 AM,5:54:47 PM,6:21:37 PM,11:06:46,12:21:24 PM,5:50 AM,6:52 PM,5:19 AM,7:23 PM
2/24/2011,6:19:50 AM,6:46:38 AM,5:55:52 PM,6:22:40 PM,11:09:14,12:21:15 PM,5:48 AM,6:53 PM,5:18 AM,7:24 PM
2/25/2011,6:18:29 AM,6:45:14 AM,5:56:57 PM,6:23:42 PM,11:11:43,12:21:05 PM,5:47 AM,6:54 PM,5:16 AM,7:25 PM
2/26/2011,6:17:06 AM,6:43:50 AM,5:58:01 PM,6:24:44 PM,11:14:11,12:20:55 PM,5:46 AM,6:55 PM,5:15 AM,7:26 PM
2/27/2011,6:15:42 AM,6:42:24 AM,5:59:05 PM,6:25:46 PM,11:16:41,12:20:44 PM,5:44 AM,6:56 PM,5:13 AM,7:27 PM
2/28/2011,6:14:18 AM,6:40:58 AM,6:00:08 PM,6:26:48 PM,11:19:10,12:20:33 PM,5:43 AM,6:57 PM,5:12 AM,7:28 PM
3/1/2011,6:12:53 AM,6:39:31 AM,6:01:11 PM,6:27:50 PM,11:21:40,12:20:21 PM,5:42 AM,6:58 PM,5:11 AM,7:29 PM
3/2/2011,6:11:27 AM,6:38:04 AM,6:02:14 PM,6:28:51 PM,11:24:10,12:20:09 PM,5:40 AM,6:59 PM,5:09 AM,7:30 PM
3/3/2011,6:10:00 AM,6:36:36 AM,6:03:17 PM,6:29:53 PM,11:26:41,12:19:56 PM,5:39 AM,7:00 PM,5:08 AM,7:31 PM
3/4/2011,6:08:33 AM,6:35:07 AM,6:04:19 PM,6:30:54 PM,11:29:12,12:19:43 PM,5:37 AM,7:01 PM,5:06 AM,7:32 PM
3/5/2011,6:07:05 AM,6:33:38 AM,6:05:21 PM,6:31:55 PM,11:31:43,12:19:30 PM,5:36 AM,7:02 PM,5:05 AM,7:33 PM
3/6/2011,6:05:36 AM,6:32:08 AM,6:06:23 PM,6:32:55 PM,11:34:15,12:19:16 PM,5:34 AM,7:03 PM,5:03 AM,7:34 PM
3/7/2011,6:04:06 AM,6:30:38 AM,6:07:25 PM,6:33:56 PM,11:36:47,12:19:01 PM,5:33 AM,7:04 PM,5:02 AM,7:35 PM
3/8/2011,6:02:36 AM,6:29:07 AM,6:08:26 PM,6:34:56 PM,11:39:19,12:18:46 PM,5:31 AM,7:05 PM,5:00 AM,7:36 PM
3/9/2011,6:01:06 AM,6:27:35 AM,6:09:27 PM,6:35:57 PM,11:41:52,12:18:31 PM,5:30 AM,7:06 PM,4:59 AM,7:37 PM
3/10/2011,5:59:34 AM,6:26:04 AM,6:10:28 PM,6:36:57 PM,11:44:24,12:18:16 PM,5:28 AM,7:07 PM,4:57 AM,7:38 PM
3/11/2011,5:58:03 AM,6:24:31 AM,6:11:28 PM,6:37:57 PM,11:46:57,12:18:00 PM,5:27 AM,7:08 PM,4:56 AM,7:40 PM
3/12/2011,5:56:30 AM,6:22:59 AM,6:12:28 PM,6:38:57 PM,11:49:29,12:17:44 PM,5:25 AM,7:09 PM,4:54 AM,7:41 PM
3/13/2011,6:55:02 AM,7:21:30 AM,7:13:26 PM,7:39:54 PM,11:51:56,1:17:28 PM,6:24 AM,8:10 PM,5:52 AM,8:42 PM
3/14/2011,6:53:28 AM,7:19:57 AM,7:14:26 PM,7:40:54 PM,11:54:29,1:17:11 PM,6:22 AM,8:11 PM,5:51 AM,8:43 PM
3/15/2011,6:51:55 AM,7:18:23 AM,7:15:26 PM,7:41:54 PM,11:57:03,1:16:54 PM,6:20 AM,8:12 PM,5:49 AM,8:44 PM
3/16/2011,6:50:21 AM,7:16:50 AM,7:16:25 PM,7:42:53 PM,11:59:35,1:16:37 PM,6:19 AM,8:13 PM,5:47 AM,8:45 PM
3/17/2011,6:48:47 AM,7:15:16 AM,7:17:24 PM,7:43:53 PM,12:02:08,1:16:20 PM,6:17 AM,8:14 PM,5:46 AM,8:46 PM
3/18/2011,6:47:13 AM,7:13:42 AM,7:18:23 PM,7:44:53 PM,12:04:41,1:16:03 PM,6:16 AM,8:15 PM,5:44 AM,8:47 PM
3/19/2011,6:45:38 AM,7:12:08 AM,7:19:22 PM,7:45:52 PM,12:07:14,1:15:45 PM,6:14 AM,8:16 PM,5:42 AM,8:48 PM
3/20/2011,6:44:03 AM,7:10:33 AM,7:20:21 PM,7:46:52 PM,12:09:48,1:15:27 PM,6:12 AM,8:17 PM,5:41 AM,8:49 PM
3/21/2011,6:42:28 AM,7:08:59 AM,7:21:20 PM,7:47:51 PM,12:12:21,1:15:09 PM,6:11 AM,8:19 PM,5:39 AM,8:50 PM
3/22/2011,6:40:52 AM,7:07:24 AM,7:22:18 PM,7:48:51 PM,12:14:54,1:14:51 PM,6:09 AM,8:20 PM,5:37 AM,8:51 PM
3/23/2011,6:39:17 AM,7:05:50 AM,7:23:17 PM,7:49:50 PM,12:17:27,1:14:33 PM,6:08 AM,8:21 PM,5:36 AM,8:52 PM
3/24/2011,6:37:41 AM,7:04:15 AM,7:24:15 PM,7:50:49 PM,12:20:00,1:14:15 PM,6:06 AM,8:22 PM,5:34 AM,8:54 PM
3/25/2011,6:36:05 AM,7:02:41 AM,7:25:13 PM,7:51:49 PM,12:22:32,1:13:57 PM,6:04 AM,8:23 PM,5:32 AM,8:55 PM
3/26/2011,6:34:29 AM,7:01:07 AM,7:26:11 PM,7:52:49 PM,12:25:04,1:13:39 PM,6:03 AM,8:24 PM,5:31 AM,8:56 PM
3/27/2011,6:32:53 AM,6:59:32 AM,7:27:09 PM,7:53:48 PM,12:27:37,1:13:21 PM,6:01 AM,8:25 PM,5:29 AM,8:57 PM
3/28/2011,6:31:18 AM,6:57:58 AM,7:28:07 PM,7:54:48 PM,12:30:09,1:13:03 PM,5:59 AM,8:26 PM,5:27 AM,8:58 PM
3/29/2011,6:29:42 AM,6:56:24 AM,7:29:05 PM,7:55:47 PM,12:32:41,1:12:45 PM,5:58 AM,8:27 PM,5:25 AM,8:59 PM
3/30/2011,6:28:06 AM,6:54:50 AM,7:30:03 PM,7:56:47 PM,12:35:13,1:12:27 PM,5:56 AM,8:28 PM,5:24 AM,9:00 PM
3/31/2011,6:26:30 AM,6:53:17 AM,7:31:01 PM,7:57:47 PM,12:37:44,1:12:09 PM,5:54 AM,8:29 PM,5:22 AM,9:02 PM
4/1/2011,6:24:55 AM,6:51:43 AM,7:31:58 PM,7:58:47 PM,12:40:15,1:11:51 PM,5:53 AM,8:30 PM,5:20 AM,9:03 PM
4/2/2011,6:23:19 AM,6:50:10 AM,7:32:56 PM,7:59:47 PM,12:42:46,1:11:33 PM,5:51 AM,8:31 PM,5:18 AM,9:04 PM
4/3/2011,6:21:44 AM,6:48:37 AM,7:33:54 PM,8:00:47 PM,12:45:17,1:11:16 PM,5:49 AM,8:32 PM,5:16 AM,9:05 PM
4/4/2011,6:20:09 AM,6:47:05 AM,7:34:51 PM,8:01:48 PM,12:47:46,1:10:58 PM,5:48 AM,8:33 PM,5:15 AM,9:06 PM
4/5/2011,6:18:34 AM,6:45:33 AM,7:35:49 PM,8:02:48 PM,12:50:16,1:10:41 PM,5:46 AM,8:34 PM,5:13 AM,9:08 PM
4/6/2011,6:17:00 AM,6:44:01 AM,7:36:47 PM,8:03:48 PM,12:52:46,1:10:24 PM,5:44 AM,8:35 PM,5:11 AM,9:09 PM
4/7/2011,6:15:25 AM,6:42:30 AM,7:37:45 PM,8:04:49 PM,12:55:15,1:10:07 PM,5:43 AM,8:37 PM,5:09 AM,9:10 PM
4/8/2011,6:13:52 AM,6:40:59 AM,7:38:42 PM,8:05:50 PM,12:57:43,1:09:51 PM,5:41 AM,8:38 PM,5:08 AM,9:11 PM
4/9/2011,6:12:18 AM,6:39:29 AM,7:39:40 PM,8:06:51 PM,13:00:11,1:09:34 PM,5:39 AM,8:39 PM,5:06 AM,9:12 PM
4/10/2011,6:10:45 AM,6:37:59 AM,7:40:38 PM,8:07:52 PM,13:02:39,1:09:18 PM,5:38 AM,8:40 PM,5:04 AM,9:14 PM
4/11/2011,6:09:12 AM,6:36:30 AM,7:41:36 PM,8:08:53 PM,13:05:06,1:09:03 PM,5:36 AM,8:41 PM,5:02 AM,9:15 PM
4/12/2011,6:07:40 AM,6:35:01 AM,7:42:33 PM,8:09:54 PM,13:07:32,1:08:47 PM,5:34 AM,8:42 PM,5:00 AM,9:16 PM
4/13/2011,6:06:08 AM,6:33:33 AM,7:43:31 PM,8:10:56 PM,13:09:58,1:08:32 PM,5:33 AM,8:43 PM,4:59 AM,9:17 PM
4/14/2011,6:04:37 AM,6:32:05 AM,7:44:29 PM,8:11:57 PM,13:12:24,1:08:17 PM,5:31 AM,8:44 PM,4:57 AM,9:19 PM
4/15/2011,6:03:06 AM,6:30:38 AM,7:45:27 PM,8:12:59 PM,13:14:49,1:08:03 PM,5:30 AM,8:46 PM,4:55 AM,9:20 PM
4/16/2011,6:01:36 AM,6:29:12 AM,7:46:25 PM,8:14:01 PM,13:17:13,1:07:49 PM,5:28 AM,8:47 PM,4:53 AM,9:21 PM
4/17/2011,6:00:07 AM,6:27:47 AM,7:47:23 PM,8:15:03 PM,13:19:36,1:07:35 PM,5:26 AM,8:48 PM,4:52 AM,9:23 PM
4/18/2011,5:58:38 AM,6:26:22 AM,7:48:21 PM,8:16:05 PM,13:21:59,1:07:22 PM,5:25 AM,8:49 PM,4:50 AM,9:24 PM
4/19/2011,5:57:10 AM,6:24:59 AM,7:49:19 PM,8:17:07 PM,13:24:20,1:07:09 PM,5:23 AM,8:50 PM,4:48 AM,9:25 PM
4/20/2011,5:55:43 AM,6:23:35 AM,7:50:17 PM,8:18:10 PM,13:26:42,1:06:56 PM,5:22 AM,8:51 PM,4:46 AM,9:27 PM
4/21/2011,5:54:16 AM,6:22:13 AM,7:51:15 PM,8:19:12 PM,13:29:02,1:06:44 PM,5:20 AM,8:52 PM,4:45 AM,9:28 PM
4/22/2011,5:52:51 AM,6:20:52 AM,7:52:13 PM,8:20:15 PM,13:31:21,1:06:33 PM,5:19 AM,8:54 PM,4:43 AM,9:29 PM
4/23/2011,5:51:26 AM,6:19:32 AM,7:53:11 PM,8:21:17 PM,13:33:39,1:06:22 PM,5:17 AM,8:55 PM,4:41 AM,9:31 PM
4/24/2011,5:50:02 AM,6:18:12 AM,7:54:09 PM,8:22:20 PM,13:35:57,1:06:11 PM,5:15 AM,8:56 PM,4:39 AM,9:32 PM
4/25/2011,5:48:38 AM,6:16:54 AM,7:55:08 PM,8:23:23 PM,13:38:14,1:06:01 PM,5:14 AM,8:57 PM,4:38 AM,9:33 PM
4/26/2011,5:47:16 AM,6:15:36 AM,7:56:06 PM,8:24:26 PM,13:40:30,1:05:51 PM,5:12 AM,8:58 PM,4:36 AM,9:35 PM
4/27/2011,5:45:55 AM,6:14:20 AM,7:57:04 PM,8:25:29 PM,13:42:44,1:05:42 PM,5:11 AM,8:59 PM,4:34 AM,9:36 PM
4/28/2011,5:44:34 AM,6:13:05 AM,7:58:02 PM,8:26:32 PM,13:44:57,1:05:33 PM,5:09 AM,9:01 PM,4:33 AM,9:38 PM
4/29/2011,5:43:15 AM,6:11:50 AM,7:59:00 PM,8:27:35 PM,13:47:10,1:05:25 PM,5:08 AM,9:02 PM,4:31 AM,9:39 PM
4/30/2011,5:41:57 AM,6:10:37 AM,7:59:57 PM,8:28:38 PM,13:49:20,1:05:17 PM,5:07 AM,9:03 PM,4:29 AM,9:40 PM
5/1/2011,5:40:40 AM,6:09:25 AM,8:00:55 PM,8:29:41 PM,13:51:30,1:05:10 PM,5:05 AM,9:04 PM,4:28 AM,9:42 PM
5/2/2011,5:39:24 AM,6:08:14 AM,8:01:53 PM,8:30:43 PM,13:53:39,1:05:04 PM,5:04 AM,9:05 PM,4:26 AM,9:43 PM
5/3/2011,5:38:09 AM,6:07:05 AM,8:02:50 PM,8:31:46 PM,13:55:45,1:04:58 PM,5:02 AM,9:07 PM,4:24 AM,9:45 PM
5/4/2011,5:36:55 AM,6:05:56 AM,8:03:48 PM,8:32:49 PM,13:57:52,1:04:52 PM,5:01 AM,9:08 PM,4:23 AM,9:46 PM
5/5/2011,5:35:43 AM,6:04:49 AM,8:04:45 PM,8:33:51 PM,13:59:56,1:04:47 PM,5:00 AM,9:09 PM,4:21 AM,9:47 PM
5/6/2011,5:34:32 AM,6:03:44 AM,8:05:42 PM,8:34:54 PM,14:01:58,1:04:43 PM,4:58 AM,9:10 PM,4:20 AM,9:49 PM
5/7/2011,5:33:22 AM,6:02:39 AM,8:06:39 PM,8:35:56 PM,14:04:00,1:04:39 PM,4:57 AM,9:11 PM,4:18 AM,9:50 PM
5/8/2011,5:32:14 AM,6:01:36 AM,8:07:36 PM,8:36:58 PM,14:06:00,1:04:36 PM,4:56 AM,9:12 PM,4:17 AM,9:52 PM
5/9/2011,5:31:07 AM,6:00:35 AM,8:08:32 PM,8:38:00 PM,14:07:57,1:04:33 PM,4:54 AM,9:14 PM,4:15 AM,9:53 PM
5/10/2011,5:30:01 AM,5:59:34 AM,8:09:28 PM,8:39:01 PM,14:09:54,1:04:31 PM,4:53 AM,9:15 PM,4:14 AM,9:54 PM
5/11/2011,5:28:57 AM,5:58:36 AM,8:10:24 PM,8:40:03 PM,14:11:48,1:04:30 PM,4:52 AM,9:16 PM,4:12 AM,9:56 PM
5/12/2011,5:27:54 AM,5:57:38 AM,8:11:20 PM,8:41:04 PM,14:13:42,1:04:29 PM,4:51 AM,9:17 PM,4:11 AM,9:57 PM
5/13/2011,5:26:53 AM,5:56:42 AM,8:12:15 PM,8:42:04 PM,14:15:33,1:04:29 PM,4:50 AM,9:18 PM,4:09 AM,9:59 PM
5/14/2011,5:25:53 AM,5:55:48 AM,8:13:09 PM,8:43:04 PM,14:17:21,1:04:29 PM,4:48 AM,9:19 PM,4:08 AM,10:00 PM
5/15/2011,5:24:55 AM,5:54:55 AM,8:14:04 PM,8:44:04 PM,14:19:09,1:04:30 PM,4:47 AM,9:21 PM,4:07 AM,10:01 PM
5/16/2011,5:23:59 AM,5:54:04 AM,8:14:58 PM,8:45:03 PM,14:20:54,1:04:31 PM,4:46 AM,9:22 PM,4:05 AM,10:03 PM
5/17/2011,5:23:04 AM,5:53:15 AM,8:15:51 PM,8:46:02 PM,14:22:36,1:04:33 PM,4:45 AM,9:23 PM,4:04 AM,10:04 PM
5/18/2011,5:22:11 AM,5:52:27 AM,8:16:44 PM,8:47:00 PM,14:24:17,1:04:35 PM,4:44 AM,9:24 PM,4:03 AM,10:05 PM
5/19/2011,5:21:19 AM,5:51:40 AM,8:17:36 PM,8:47:58 PM,14:25:56,1:04:38 PM,4:43 AM,9:25 PM,4:01 AM,10:07 PM
5/20/2011,5:20:29 AM,5:50:56 AM,8:18:28 PM,8:48:54 PM,14:27:32,1:04:42 PM,4:42 AM,9:26 PM,4:00 AM,10:08 PM
5/21/2011,5:19:41 AM,5:50:13 AM,8:19:19 PM,8:49:51 PM,14:29:06,1:04:46 PM,4:41 AM,9:27 PM,3:59 AM,10:09 PM
5/22/2011,5:18:55 AM,5:49:32 AM,8:20:09 PM,8:50:46 PM,14:30:37,1:04:51 PM,4:40 AM,9:28 PM,3:58 AM,10:11 PM
5/23/2011,5:18:11 AM,5:48:52 AM,8:20:59 PM,8:51:41 PM,14:32:07,1:04:56 PM,4:39 AM,9:29 PM,3:57 AM,10:12 PM
5/24/2011,5:17:28 AM,5:48:14 AM,8:21:48 PM,8:52:35 PM,14:33:34,1:05:01 PM,4:39 AM,9:30 PM,3:56 AM,10:13 PM
5/25/2011,5:16:47 AM,5:47:39 AM,8:22:36 PM,8:53:28 PM,14:34:57,1:05:08 PM,4:38 AM,9:31 PM,3:55 AM,10:15 PM
5/26/2011,5:16:08 AM,5:47:04 AM,8:23:24 PM,8:54:20 PM,14:36:20,1:05:14 PM,4:37 AM,9:32 PM,3:54 AM,10:16 PM
5/27/2011,5:15:31 AM,5:46:32 AM,8:24:10 PM,8:55:11 PM,14:37:38,1:05:21 PM,4:36 AM,9:33 PM,3:53 AM,10:17 PM
5/28/2011,5:14:56 AM,5:46:01 AM,8:24:56 PM,8:56:01 PM,14:38:55,1:05:29 PM,4:36 AM,9:34 PM,3:52 AM,10:18 PM
5/29/2011,5:14:23 AM,5:45:33 AM,8:25:41 PM,8:56:50 PM,14:40:08,1:05:37 PM,4:35 AM,9:35 PM,3:51 AM,10:19 PM
5/30/2011,5:13:52 AM,5:45:06 AM,8:26:25 PM,8:57:38 PM,14:41:19,1:05:45 PM,4:34 AM,9:36 PM,3:50 AM,10:20 PM
5/31/2011,5:13:23 AM,5:44:41 AM,8:27:07 PM,8:58:25 PM,14:42:26,1:05:54 PM,4:34 AM,9:37 PM,3:49 AM,10:21 PM
6/1/2011,5:12:56 AM,5:44:18 AM,8:27:49 PM,8:59:11 PM,14:43:31,1:06:03 PM,4:33 AM,9:38 PM,3:49 AM,10:23 PM
6/2/2011,5:12:31 AM,5:43:56 AM,8:28:30 PM,8:59:55 PM,14:44:34,1:06:13 PM,4:33 AM,9:39 PM,3:48 AM,10:24 PM
6/3/2011,5:12:08 AM,5:43:37 AM,8:29:09 PM,9:00:38 PM,14:45:32,1:06:23 PM,4:32 AM,9:40 PM,3:47 AM,10:25 PM
6/4/2011,5:11:47 AM,5:43:19 AM,8:29:48 PM,9:01:20 PM,14:46:29,1:06:33 PM,4:32 AM,9:40 PM,3:47 AM,10:26 PM
6/5/2011,5:11:28 AM,5:43:03 AM,8:30:25 PM,9:02:00 PM,14:47:22,1:06:44 PM,4:31 AM,9:41 PM,3:46 AM,10:26 PM
6/6/2011,5:11:11 AM,5:42:50 AM,8:31:00 PM,9:02:39 PM,14:48:10,1:06:55 PM,4:31 AM,9:42 PM,3:45 AM,10:27 PM
6/7/2011,5:10:56 AM,5:42:38 AM,8:31:35 PM,9:03:17 PM,14:48:57,1:07:06 PM,4:31 AM,9:43 PM,3:45 AM,10:28 PM
6/8/2011,5:10:43 AM,5:42:27 AM,8:32:08 PM,9:03:53 PM,14:49:41,1:07:18 PM,4:30 AM,9:43 PM,3:45 AM,10:29 PM
6/9/2011,5:10:32 AM,5:42:19 AM,8:32:40 PM,9:04:27 PM,14:50:21,1:07:30 PM,4:30 AM,9:44 PM,3:44 AM,10:30 PM
6/10/2011,5:10:24 AM,5:42:13 AM,8:33:10 PM,9:05:00 PM,14:50:57,1:07:42 PM,4:30 AM,9:45 PM,3:44 AM,10:31 PM
6/11/2011,5:10:17 AM,5:42:08 AM,8:33:39 PM,9:05:31 PM,14:51:31,1:07:54 PM,4:30 AM,9:45 PM,3:44 AM,10:31 PM
6/12/2011,5:10:12 AM,5:42:06 AM,8:34:07 PM,9:06:00 PM,14:52:01,1:08:06 PM,4:29 AM,9:46 PM,3:43 AM,10:32 PM
6/13/2011,5:10:10 AM,5:42:05 AM,8:34:33 PM,9:06:28 PM,14:52:28,1:08:19 PM,4:29 AM,9:46 PM,3:43 AM,10:33 PM
6/14/2011,5:10:09 AM,5:42:06 AM,8:34:57 PM,9:06:54 PM,14:52:51,1:08:32 PM,4:29 AM,9:47 PM,3:43 AM,10:33 PM
6/15/2011,5:10:11 AM,5:42:09 AM,8:35:20 PM,9:07:18 PM,14:53:11,1:08:44 PM,4:29 AM,9:47 PM,3:43 AM,10:34 PM
6/16/2011,5:10:14 AM,5:42:13 AM,8:35:41 PM,9:07:40 PM,14:53:28,1:08:57 PM,4:29 AM,9:48 PM,3:43 AM,10:34 PM
6/17/2011,5:10:20 AM,5:42:20 AM,8:36:01 PM,9:08:01 PM,14:53:41,1:09:10 PM,4:29 AM,9:48 PM,3:43 AM,10:34 PM
6/18/2011,5:10:27 AM,5:42:28 AM,8:36:19 PM,9:08:20 PM,14:53:51,1:09:23 PM,4:30 AM,9:48 PM,3:43 AM,10:35 PM
6/19/2011,5:10:37 AM,5:42:38 AM,8:36:35 PM,9:08:36 PM,14:53:57,1:09:37 PM,4:30 AM,9:49 PM,3:43 AM,10:35 PM
6/20/2011,5:10:48 AM,5:42:50 AM,8:36:50 PM,9:08:51 PM,14:54:00,1:09:50 PM,4:30 AM,9:49 PM,3:43 AM,10:35 PM
6/21/2011,5:11:02 AM,5:43:03 AM,8:37:02 PM,9:09:04 PM,14:53:59,1:10:03 PM,4:30 AM,9:49 PM,3:44 AM,10:36 PM
6/22/2011,5:11:17 AM,5:43:18 AM,8:37:13 PM,9:09:14 PM,14:53:55,1:10:16 PM,4:30 AM,9:49 PM,3:44 AM,10:36 PM
6/23/2011,5:11:34 AM,5:43:35 AM,8:37:23 PM,9:09:23 PM,14:53:48,1:10:29 PM,4:31 AM,9:49 PM,3:44 AM,10:36 PM
6/24/2011,5:11:53 AM,5:43:53 AM,8:37:30 PM,9:09:30 PM,14:53:37,1:10:41 PM,4:31 AM,9:49 PM,3:44 AM,10:36 PM
6/25/2011,5:12:14 AM,5:44:13 AM,8:37:36 PM,9:09:34 PM,14:53:23,1:10:54 PM,4:31 AM,9:49 PM,3:45 AM,10:36 PM
6/26/2011,5:12:36 AM,5:44:34 AM,8:37:39 PM,9:09:37 PM,14:53:05,1:11:07 PM,4:32 AM,9:49 PM,3:45 AM,10:36 PM
6/27/2011,5:13:01 AM,5:44:57 AM,8:37:41 PM,9:09:38 PM,14:52:44,1:11:19 PM,4:32 AM,9:49 PM,3:46 AM,10:36 PM
6/28/2011,5:13:27 AM,5:45:22 AM,8:37:41 PM,9:09:36 PM,14:52:19,1:11:31 PM,4:33 AM,9:49 PM,3:46 AM,10:36 PM
6/29/2011,5:13:54 AM,5:45:47 AM,8:37:39 PM,9:09:32 PM,14:51:52,1:11:43 PM,4:33 AM,9:49 PM,3:47 AM,10:35 PM
6/30/2011,5:14:24 AM,5:46:15 AM,8:37:36 PM,9:09:27 PM,14:51:21,1:11:55 PM,4:34 AM,9:49 PM,3:48 AM,10:35 PM
7/1/2011,5:14:55 AM,5:46:44 AM,8:37:30 PM,9:09:19 PM,14:50:46,1:12:07 PM,4:34 AM,9:49 PM,3:48 AM,10:35 PM
7/2/2011,5:15:27 AM,5:47:14 AM,8:37:22 PM,9:09:09 PM,14:50:08,1:12:18 PM,4:35 AM,9:49 PM,3:49 AM,10:34 PM
7/3/2011,5:16:01 AM,5:47:45 AM,8:37:13 PM,9:08:57 PM,14:49:28,1:12:29 PM,4:36 AM,9:48 PM,3:50 AM,10:34 PM
7/4/2011,5:16:37 AM,5:48:18 AM,8:37:01 PM,9:08:42 PM,14:48:43,1:12:40 PM,4:36 AM,9:48 PM,3:51 AM,10:34 PM
7/5/2011,5:17:14 AM,5:48:52 AM,8:36:48 PM,9:08:26 PM,14:47:56,1:12:50 PM,4:37 AM,9:48 PM,3:52 AM,10:33 PM
7/6/2011,5:17:52 AM,5:49:27 AM,8:36:33 PM,9:08:08 PM,14:47:06,1:13:00 PM,4:38 AM,9:47 PM,3:52 AM,10:33 PM
7/7/2011,5:18:32 AM,5:50:03 AM,8:36:16 PM,9:07:47 PM,14:46:13,1:13:09 PM,4:38 AM,9:47 PM,3:53 AM,10:32 PM
7/8/2011,5:19:13 AM,5:50:41 AM,8:35:56 PM,9:07:25 PM,14:45:15,1:13:19 PM,4:39 AM,9:46 PM,3:54 AM,10:31 PM
7/9/2011,5:19:55 AM,5:51:19 AM,8:35:35 PM,9:07:00 PM,14:44:16,1:13:27 PM,4:40 AM,9:46 PM,3:55 AM,10:31 PM
7/10/2011,5:20:38 AM,5:51:59 AM,8:35:13 PM,9:06:33 PM,14:43:14,1:13:36 PM,4:41 AM,9:45 PM,3:56 AM,10:30 PM
7/11/2011,5:21:23 AM,5:52:39 AM,8:34:48 PM,9:06:05 PM,14:42:09,1:13:44 PM,4:42 AM,9:45 PM,3:57 AM,10:29 PM
7/12/2011,5:22:08 AM,5:53:21 AM,8:34:21 PM,9:05:34 PM,14:41:00,1:13:51 PM,4:43 AM,9:44 PM,3:58 AM,10:28 PM
7/13/2011,5:22:55 AM,5:54:03 AM,8:33:53 PM,9:05:01 PM,14:39:50,1:13:58 PM,4:43 AM,9:43 PM,4:00 AM,10:27 PM
7/14/2011,5:23:43 AM,5:54:47 AM,8:33:22 PM,9:04:26 PM,14:38:35,1:14:04 PM,4:44 AM,9:43 PM,4:01 AM,10:26 PM
7/15/2011,5:24:31 AM,5:55:31 AM,8:32:50 PM,9:03:50 PM,14:37:19,1:14:10 PM,4:45 AM,9:42 PM,4:02 AM,10:26 PM
7/16/2011,5:25:21 AM,5:56:16 AM,8:32:16 PM,9:03:11 PM,14:36:00,1:14:16 PM,4:46 AM,9:41 PM,4:03 AM,10:25 PM
7/17/2011,5:26:11 AM,5:57:02 AM,8:31:40 PM,9:02:30 PM,14:34:38,1:14:21 PM,4:47 AM,9:40 PM,4:04 AM,10:23 PM
7/18/2011,5:27:03 AM,5:57:48 AM,8:31:02 PM,9:01:48 PM,14:33:14,1:14:25 PM,4:48 AM,9:40 PM,4:05 AM,10:22 PM
7/19/2011,5:27:55 AM,5:58:36 AM,8:30:23 PM,9:01:04 PM,14:31:47,1:14:29 PM,4:49 AM,9:39 PM,4:07 AM,10:21 PM
7/20/2011,5:28:47 AM,5:59:23 AM,8:29:41 PM,9:00:17 PM,14:30:18,1:14:32 PM,4:50 AM,9:38 PM,4:08 AM,10:20 PM
7/21/2011,5:29:41 AM,6:00:12 AM,8:28:58 PM,8:59:29 PM,14:28:46,1:14:35 PM,4:51 AM,9:37 PM,4:09 AM,10:19 PM
7/22/2011,5:30:35 AM,6:01:01 AM,8:28:14 PM,8:58:40 PM,14:27:13,1:14:37 PM,4:52 AM,9:36 PM,4:10 AM,10:18 PM
7/23/2011,5:31:30 AM,6:01:51 AM,8:27:27 PM,8:57:48 PM,14:25:36,1:14:39 PM,4:53 AM,9:35 PM,4:12 AM,10:17 PM
7/24/2011,5:32:25 AM,6:02:41 AM,8:26:39 PM,8:56:55 PM,14:23:58,1:14:40 PM,4:54 AM,9:34 PM,4:13 AM,10:15 PM
7/25/2011,5:33:21 AM,6:03:31 AM,8:25:49 PM,8:56:00 PM,14:22:18,1:14:40 PM,4:56 AM,9:33 PM,4:14 AM,10:14 PM
7/26/2011,5:34:17 AM,6:04:22 AM,8:24:58 PM,8:55:03 PM,14:20:36,1:14:40 PM,4:57 AM,9:32 PM,4:16 AM,10:13 PM
7/27/2011,5:35:14 AM,6:05:14 AM,8:24:05 PM,8:54:05 PM,14:18:51,1:14:39 PM,4:58 AM,9:31 PM,4:17 AM,10:11 PM
7/28/2011,5:36:11 AM,6:06:06 AM,8:23:10 PM,8:53:05 PM,14:17:04,1:14:38 PM,4:59 AM,9:29 PM,4:18 AM,10:10 PM
7/29/2011,5:37:09 AM,6:06:58 AM,8:22:14 PM,8:52:03 PM,14:15:16,1:14:36 PM,5:00 AM,9:28 PM,4:20 AM,10:09 PM
7/30/2011,5:38:06 AM,6:07:50 AM,8:21:16 PM,8:51:00 PM,14:13:26,1:14:33 PM,5:01 AM,9:27 PM,4:21 AM,10:07 PM
7/31/2011,5:39:05 AM,6:08:43 AM,8:20:17 PM,8:49:56 PM,14:11:34,1:14:30 PM,5:02 AM,9:26 PM,4:22 AM,10:06 PM
8/1/2011,5:40:03 AM,6:09:36 AM,8:19:17 PM,8:48:50 PM,14:09:41,1:14:26 PM,5:03 AM,9:25 PM,4:24 AM,10:04 PM
8/2/2011,5:41:02 AM,6:10:29 AM,8:18:14 PM,8:47:42 PM,14:07:45,1:14:22 PM,5:04 AM,9:23 PM,4:25 AM,10:03 PM
8/3/2011,5:42:00 AM,6:11:23 AM,8:17:11 PM,8:46:33 PM,14:05:48,1:14:17 PM,5:06 AM,9:22 PM,4:26 AM,10:01 PM
8/4/2011,5:42:59 AM,6:12:16 AM,8:16:06 PM,8:45:23 PM,14:03:50,1:14:11 PM,5:07 AM,9:21 PM,4:28 AM,10:00 PM
8/5/2011,5:43:59 AM,6:13:10 AM,8:15:00 PM,8:44:11 PM,14:01:50,1:14:05 PM,5:08 AM,9:19 PM,4:29 AM,9:58 PM
8/6/2011,5:44:58 AM,6:14:04 AM,8:13:52 PM,8:42:58 PM,13:59:48,1:13:58 PM,5:09 AM,9:18 PM,4:30 AM,9:56 PM
8/7/2011,5:45:57 AM,6:14:58 AM,8:12:43 PM,8:41:44 PM,13:57:45,1:13:51 PM,5:10 AM,9:17 PM,4:32 AM,9:55 PM
8/8/2011,5:46:57 AM,6:15:53 AM,8:11:33 PM,8:40:29 PM,13:55:40,1:13:43 PM,5:11 AM,9:15 PM,4:33 AM,9:53 PM
8/9/2011,5:47:56 AM,6:16:47 AM,8:10:21 PM,8:39:12 PM,13:53:34,1:13:34 PM,5:12 AM,9:14 PM,4:35 AM,9:52 PM
8/10/2011,5:48:55 AM,6:17:41 AM,8:09:09 PM,8:37:54 PM,13:51:28,1:13:25 PM,5:13 AM,9:12 PM,4:36 AM,9:50 PM
8/11/2011,5:49:55 AM,6:18:36 AM,8:07:55 PM,8:36:35 PM,13:49:19,1:13:15 PM,5:15 AM,9:11 PM,4:37 AM,9:48 PM
8/12/2011,5:50:54 AM,6:19:30 AM,8:06:40 PM,8:35:15 PM,13:47:10,1:13:05 PM,5:16 AM,9:10 PM,4:39 AM,9:47 PM
8/13/2011,5:51:54 AM,6:20:24 AM,8:05:23 PM,8:33:54 PM,13:44:59,1:12:54 PM,5:17 AM,9:08 PM,4:40 AM,9:45 PM
8/14/2011,5:52:53 AM,6:21:19 AM,8:04:06 PM,8:32:32 PM,13:42:47,1:12:43 PM,5:18 AM,9:07 PM,4:41 AM,9:43 PM
8/15/2011,5:53:52 AM,6:22:13 AM,8:02:48 PM,8:31:09 PM,13:40:35,1:12:31 PM,5:19 AM,9:05 PM,4:43 AM,9:42 PM
8/16/2011,5:54:52 AM,6:23:08 AM,8:01:29 PM,8:29:45 PM,13:38:21,1:12:18 PM,5:20 AM,9:03 PM,4:44 AM,9:40 PM
8/17/2011,5:55:51 AM,6:24:02 AM,8:00:08 PM,8:28:20 PM,13:36:06,1:12:05 PM,5:21 AM,9:02 PM,4:45 AM,9:38 PM
8/18/2011,5:56:50 AM,6:24:57 AM,7:58:47 PM,8:26:54 PM,13:33:50,1:11:52 PM,5:22 AM,9:00 PM,4:46 AM,9:36 PM
8/19/2011,5:57:49 AM,6:25:51 AM,7:57:25 PM,8:25:27 PM,13:31:34,1:11:38 PM,5:23 AM,8:59 PM,4:48 AM,9:35 PM
8/20/2011,5:58:47 AM,6:26:45 AM,7:56:01 PM,8:23:59 PM,13:29:16,1:11:23 PM,5:25 AM,8:57 PM,4:49 AM,9:33 PM
8/21/2011,5:59:46 AM,6:27:40 AM,7:54:37 PM,8:22:31 PM,13:26:57,1:11:08 PM,5:26 AM,8:56 PM,4:50 AM,9:31 PM
8/22/2011,6:00:44 AM,6:28:34 AM,7:53:12 PM,8:21:02 PM,13:24:38,1:10:53 PM,5:27 AM,8:54 PM,4:52 AM,9:29 PM
8/23/2011,6:01:43 AM,6:29:28 AM,7:51:47 PM,8:19:32 PM,13:22:19,1:10:37 PM,5:28 AM,8:52 PM,4:53 AM,9:27 PM
8/24/2011,6:02:41 AM,6:30:22 AM,7:50:20 PM,8:18:01 PM,13:19:58,1:10:21 PM,5:29 AM,8:51 PM,4:54 AM,9:26 PM
8/25/2011,6:03:39 AM,6:31:16 AM,7:48:53 PM,8:16:30 PM,13:17:37,1:10:04 PM,5:30 AM,8:49 PM,4:55 AM,9:24 PM
8/26/2011,6:04:37 AM,6:32:10 AM,7:47:25 PM,8:14:58 PM,13:15:15,1:09:47 PM,5:31 AM,8:48 PM,4:57 AM,9:22 PM
8/27/2011,6:05:34 AM,6:33:04 AM,7:45:56 PM,8:13:26 PM,13:12:52,1:09:30 PM,5:32 AM,8:46 PM,4:58 AM,9:20 PM
8/28/2011,6:06:32 AM,6:33:58 AM,7:44:27 PM,8:11:52 PM,13:10:29,1:09:12 PM,5:33 AM,8:44 PM,4:59 AM,9:18 PM
8/29/2011,6:07:29 AM,6:34:52 AM,7:42:57 PM,8:10:19 PM,13:08:05,1:08:54 PM,5:34 AM,8:43 PM,5:00 AM,9:17 PM
8/30/2011,6:08:26 AM,6:35:45 AM,7:41:26 PM,8:08:45 PM,13:05:41,1:08:36 PM,5:35 AM,8:41 PM,5:01 AM,9:15 PM
8/31/2011,6:09:23 AM,6:36:39 AM,7:39:55 PM,8:07:10 PM,13:03:16,1:08:17 PM,5:36 AM,8:39 PM,5:03 AM,9:13 PM
9/1/2011,6:10:20 AM,6:37:32 AM,7:38:23 PM,8:05:35 PM,13:00:51,1:07:58 PM,5:37 AM,8:38 PM,5:04 AM,9:11 PM
9/2/2011,6:11:17 AM,6:38:26 AM,7:36:51 PM,8:04:00 PM,12:58:25,1:07:38 PM,5:38 AM,8:36 PM,5:05 AM,9:09 PM
9/3/2011,6:12:14 AM,6:39:20 AM,7:35:18 PM,8:02:24 PM,12:55:58,1:07:19 PM,5:39 AM,8:34 PM,5:06 AM,9:08 PM
9/4/2011,6:13:10 AM,6:40:13 AM,7:33:45 PM,8:00:48 PM,12:53:32,1:06:59 PM,5:40 AM,8:32 PM,5:07 AM,9:06 PM
9/5/2011,6:14:06 AM,6:41:06 AM,7:32:11 PM,7:59:11 PM,12:51:05,1:06:39 PM,5:42 AM,8:31 PM,5:08 AM,9:04 PM
9/6/2011,6:15:02 AM,6:42:00 AM,7:30:37 PM,7:57:34 PM,12:48:37,1:06:18 PM,5:43 AM,8:29 PM,5:09 AM,9:02 PM
9/7/2011,6:15:58 AM,6:42:53 AM,7:29:02 PM,7:55:57 PM,12:46:09,1:05:58 PM,5:44 AM,8:27 PM,5:11 AM,9:00 PM
9/8/2011,6:16:54 AM,6:43:47 AM,7:27:28 PM,7:54:20 PM,12:43:41,1:05:37 PM,5:45 AM,8:26 PM,5:12 AM,8:59 PM
9/9/2011,6:17:50 AM,6:44:40 AM,7:25:52 PM,7:52:43 PM,12:41:12,1:05:16 PM,5:46 AM,8:24 PM,5:13 AM,8:57 PM
9/10/2011,6:18:45 AM,6:45:33 AM,7:24:17 PM,7:51:05 PM,12:38:44,1:04:55 PM,5:47 AM,8:22 PM,5:14 AM,8:55 PM
9/11/2011,6:19:41 AM,6:46:27 AM,7:22:41 PM,7:49:27 PM,12:36:14,1:04:34 PM,5:48 AM,8:21 PM,5:15 AM,8:53 PM
9/12/2011,6:20:36 AM,6:47:20 AM,7:21:06 PM,7:47:50 PM,12:33:46,1:04:13 PM,5:49 AM,8:19 PM,5:16 AM,8:51 PM
9/13/2011,6:21:32 AM,6:48:14 AM,7:19:29 PM,7:46:12 PM,12:31:15,1:03:52 PM,5:49 AM,8:17 PM,5:17 AM,8:50 PM
9/14/2011,6:22:27 AM,6:49:07 AM,7:17:53 PM,7:44:34 PM,12:28:46,1:03:30 PM,5:50 AM,8:16 PM,5:18 AM,8:48 PM
9/15/2011,6:23:22 AM,6:50:01 AM,7:16:17 PM,7:42:56 PM,12:26:16,1:03:09 PM,5:51 AM,8:14 PM,5:19 AM,8:46 PM
9/16/2011,6:24:17 AM,6:50:54 AM,7:14:40 PM,7:41:18 PM,12:23:46,1:02:47 PM,5:52 AM,8:12 PM,5:20 AM,8:44 PM
9/17/2011,6:25:12 AM,6:51:48 AM,7:13:04 PM,7:39:40 PM,12:21:16,1:02:26 PM,5:53 AM,8:10 PM,5:21 AM,8:42 PM
9/18/2011,6:26:07 AM,6:52:42 AM,7:11:27 PM,7:38:02 PM,12:18:45,1:02:05 PM,5:54 AM,8:09 PM,5:22 AM,8:41 PM
9/19/2011,6:27:02 AM,6:53:36 AM,7:09:51 PM,7:36:24 PM,12:16:15,1:01:43 PM,5:55 AM,8:07 PM,5:24 AM,8:39 PM
9/20/2011,6:27:57 AM,6:54:30 AM,7:08:14 PM,7:34:47 PM,12:13:44,1:01:22 PM,5:56 AM,8:05 PM,5:25 AM,8:37 PM
9/21/2011,6:28:52 AM,6:55:24 AM,7:06:37 PM,7:33:09 PM,12:11:13,1:01:01 PM,5:57 AM,8:04 PM,5:26 AM,8:35 PM
9/22/2011,6:29:47 AM,6:56:18 AM,7:05:01 PM,7:31:32 PM,12:08:43,1:00:40 PM,5:58 AM,8:02 PM,5:27 AM,8:34 PM
9/23/2011,6:30:42 AM,6:57:13 AM,7:03:25 PM,7:29:55 PM,12:06:12,1:00:19 PM,5:59 AM,8:00 PM,5:28 AM,8:32 PM
9/24/2011,6:31:37 AM,6:58:07 AM,7:01:48 PM,7:28:18 PM,12:03:41,12:59:58 PM,6:00 AM,7:59 PM,5:29 AM,8:30 PM
9/25/2011,6:32:33 AM,6:59:02 AM,7:00:12 PM,7:26:41 PM,12:01:10,12:59:37 PM,6:01 AM,7:57 PM,5:30 AM,8:29 PM
9/26/2011,6:33:28 AM,6:59:57 AM,6:58:36 PM,7:25:05 PM,11:58:39,12:59:16 PM,6:02 AM,7:56 PM,5:31 AM,8:27 PM
9/27/2011,6:34:23 AM,7:00:52 AM,6:57:00 PM,7:23:29 PM,11:56:08,12:58:56 PM,6:03 AM,7:54 PM,5:32 AM,8:25 PM
9/28/2011,6:35:18 AM,7:01:47 AM,6:55:25 PM,7:21:54 PM,11:53:38,12:58:36 PM,6:04 AM,7:52 PM,5:33 AM,8:24 PM
9/29/2011,6:36:14 AM,7:02:43 AM,6:53:50 PM,7:20:19 PM,11:51:07,12:58:16 PM,6:05 AM,7:51 PM,5:34 AM,8:22 PM
9/30/2011,6:37:09 AM,7:03:38 AM,6:52:15 PM,7:18:44 PM,11:48:37,12:57:57 PM,6:06 AM,7:49 PM,5:35 AM,8:20 PM
10/1/2011,6:38:05 AM,7:04:34 AM,6:50:40 PM,7:17:10 PM,11:46:06,12:57:37 PM,6:07 AM,7:48 PM,5:36 AM,8:19 PM
10/2/2011,6:39:00 AM,7:05:30 AM,6:49:06 PM,7:15:36 PM,11:43:36,12:57:18 PM,6:08 AM,7:46 PM,5:37 AM,8:17 PM
10/3/2011,6:39:56 AM,7:06:27 AM,6:47:32 PM,7:14:03 PM,11:41:05,12:57:00 PM,6:09 AM,7:44 PM,5:38 AM,8:15 PM
10/4/2011,6:40:52 AM,7:07:23 AM,6:45:59 PM,7:12:30 PM,11:38:36,12:56:41 PM,6:10 AM,7:43 PM,5:38 AM,8:14 PM
10/5/2011,6:41:48 AM,7:08:20 AM,6:44:26 PM,7:10:58 PM,11:36:06,12:56:23 PM,6:10 AM,7:41 PM,5:39 AM,8:12 PM
10/6/2011,6:42:45 AM,7:09:18 AM,6:42:54 PM,7:09:27 PM,11:33:36,12:56:06 PM,6:11 AM,7:40 PM,5:40 AM,8:11 PM
10/7/2011,6:43:41 AM,7:10:15 AM,6:41:22 PM,7:07:56 PM,11:31:07,12:55:49 PM,6:12 AM,7:38 PM,5:41 AM,8:09 PM
10/8/2011,6:44:38 AM,7:11:13 AM,6:39:51 PM,7:06:26 PM,11:28:38,12:55:32 PM,6:13 AM,7:37 PM,5:42 AM,8:08 PM
10/9/2011,6:45:35 AM,7:12:11 AM,6:38:20 PM,7:04:56 PM,11:26:09,12:55:15 PM,6:14 AM,7:35 PM,5:43 AM,8:06 PM
10/10/2011,6:46:32 AM,7:13:09 AM,6:36:50 PM,7:03:28 PM,11:23:41,12:55:00 PM,6:15 AM,7:34 PM,5:44 AM,8:05 PM
10/11/2011,6:47:29 AM,7:14:08 AM,6:35:20 PM,7:02:00 PM,11:21:12,12:54:44 PM,6:16 AM,7:32 PM,5:45 AM,8:03 PM
10/12/2011,6:48:26 AM,7:15:07 AM,6:33:51 PM,7:00:32 PM,11:18:44,12:54:29 PM,6:17 AM,7:31 PM,5:46 AM,8:02 PM
10/13/2011,6:49:24 AM,7:16:07 AM,6:32:23 PM,6:59:06 PM,11:16:16,12:54:15 PM,6:18 AM,7:30 PM,5:47 AM,8:00 PM
10/14/2011,6:50:22 AM,7:17:06 AM,6:30:56 PM,6:57:41 PM,11:13:50,12:54:01 PM,6:19 AM,7:28 PM,5:48 AM,7:59 PM
10/15/2011,6:51:20 AM,7:18:06 AM,6:29:30 PM,6:56:16 PM,11:11:24,12:53:48 PM,6:20 AM,7:27 PM,5:49 AM,7:58 PM
10/16/2011,6:52:18 AM,7:19:07 AM,6:28:04 PM,6:54:52 PM,11:08:57,12:53:35 PM,6:21 AM,7:25 PM,5:50 AM,7:56 PM
10/17/2011,6:53:17 AM,7:20:07 AM,6:26:39 PM,6:53:30 PM,11:06:32,12:53:23 PM,6:22 AM,7:24 PM,5:51 AM,7:55 PM
10/18/2011,6:54:16 AM,7:21:08 AM,6:25:15 PM,6:52:08 PM,11:04:07,12:53:12 PM,6:23 AM,7:23 PM,5:52 AM,7:53 PM
10/19/2011,6:55:15 AM,7:22:10 AM,6:23:52 PM,6:50:47 PM,11:01:42,12:53:01 PM,6:24 AM,7:21 PM,5:53 AM,7:52 PM
10/20/2011,6:56:14 AM,7:23:12 AM,6:22:30 PM,6:49:27 PM,10:59:18,12:52:51 PM,6:25 AM,7:20 PM,5:54 AM,7:51 PM
10/21/2011,6:57:13 AM,7:24:14 AM,6:21:08 PM,6:48:09 PM,10:56:54,12:52:41 PM,6:26 AM,7:19 PM,5:55 AM,7:50 PM
10/22/2011,6:58:13 AM,7:25:16 AM,6:19:48 PM,6:46:51 PM,10:54:32,12:52:32 PM,6:27 AM,7:17 PM,5:56 AM,7:48 PM
10/23/2011,6:59:13 AM,7:26:19 AM,6:18:29 PM,6:45:35 PM,10:52:10,12:52:24 PM,6:28 AM,7:16 PM,5:57 AM,7:47 PM
10/24/2011,7:00:14 AM,7:27:22 AM,6:17:11 PM,6:44:19 PM,10:49:49,12:52:16 PM,6:29 AM,7:15 PM,5:58 AM,7:46 PM
10/25/2011,7:01:14 AM,7:28:25 AM,6:15:54 PM,6:43:05 PM,10:47:29,12:52:10 PM,6:30 AM,7:14 PM,5:59 AM,7:45 PM
10/26/2011,7:02:15 AM,7:29:29 AM,6:14:38 PM,6:41:52 PM,10:45:09,12:52:04 PM,6:31 AM,7:13 PM,6:00 AM,7:44 PM
10/27/2011,7:03:16 AM,7:30:33 AM,6:13:24 PM,6:40:41 PM,10:42:51,12:51:58 PM,6:31 AM,7:11 PM,6:01 AM,7:42 PM
10/28/2011,7:04:17 AM,7:31:37 AM,6:12:10 PM,6:39:31 PM,10:40:33,12:51:54 PM,6:32 AM,7:10 PM,6:01 AM,7:41 PM
10/29/2011,7:05:18 AM,7:32:42 AM,6:10:58 PM,6:38:22 PM,10:38:16,12:51:50 PM,6:33 AM,7:09 PM,6:02 AM,7:40 PM
10/30/2011,7:06:20 AM,7:33:46 AM,6:09:47 PM,6:37:14 PM,10:36:01,12:51:47 PM,6:34 AM,7:08 PM,6:03 AM,7:39 PM
10/31/2011,7:07:21 AM,7:34:51 AM,6:08:38 PM,6:36:08 PM,10:33:47,12:51:45 PM,6:35 AM,7:07 PM,6:04 AM,7:38 PM
11/1/2011,7:08:23 AM,7:35:57 AM,6:07:30 PM,6:35:03 PM,10:31:33,12:51:43 PM,6:36 AM,7:06 PM,6:05 AM,7:37 PM
11/2/2011,7:09:25 AM,7:37:02 AM,6:06:23 PM,6:34:00 PM,10:29:21,12:51:42 PM,6:37 AM,7:05 PM,6:06 AM,7:36 PM
11/3/2011,7:10:28 AM,7:38:08 AM,6:05:17 PM,6:32:58 PM,10:27:09,12:51:43 PM,6:38 AM,7:04 PM,6:07 AM,7:35 PM
11/4/2011,7:11:30 AM,7:39:14 AM,6:04:13 PM,6:31:57 PM,10:24:59,12:51:44 PM,6:39 AM,7:03 PM,6:08 AM,7:34 PM
11/5/2011,7:12:32 AM,7:40:20 AM,6:03:11 PM,6:30:59 PM,10:22:51,12:51:45 PM,6:40 AM,7:02 PM,6:09 AM,7:33 PM
11/6/2011,6:13:38 AM,6:41:29 AM,5:02:08 PM,5:29:59 PM,10:20:39,11:51:48 AM,5:41 AM,6:01 PM,5:10 AM,6:32 PM
11/7/2011,6:14:40 AM,6:42:35 AM,5:01:08 PM,5:29:03 PM,10:18:33,11:51:52 AM,5:42 AM,6:00 PM,5:11 AM,6:32 PM
11/8/2011,6:15:43 AM,6:43:42 AM,5:00:11 PM,5:28:09 PM,10:16:29,11:51:56 AM,5:43 AM,6:00 PM,5:12 AM,6:31 PM
11/9/2011,6:16:46 AM,6:44:48 AM,4:59:15 PM,5:27:17 PM,10:14:27,11:52:01 AM,5:44 AM,5:59 PM,5:13 AM,6:30 PM
11/10/2011,6:17:48 AM,6:45:55 AM,4:58:20 PM,5:26:26 PM,10:12:25,11:52:07 AM,5:45 AM,5:58 PM,5:14 AM,6:29 PM
11/11/2011,6:18:51 AM,6:47:01 AM,4:57:27 PM,5:25:37 PM,10:10:26,11:52:14 AM,5:46 AM,5:57 PM,5:15 AM,6:29 PM
11/12/2011,6:19:54 AM,6:48:08 AM,4:56:36 PM,5:24:50 PM,10:08:28,11:52:22 AM,5:47 AM,5:56 PM,5:16 AM,6:28 PM
11/13/2011,6:20:57 AM,6:49:14 AM,4:55:47 PM,5:24:05 PM,10:06:33,11:52:31 AM,5:48 AM,5:56 PM,5:17 AM,6:27 PM
11/14/2011,6:21:59 AM,6:50:21 AM,4:55:00 PM,5:23:21 PM,10:04:39,11:52:40 AM,5:49 AM,5:55 PM,5:18 AM,6:27 PM
11/15/2011,6:23:02 AM,6:51:27 AM,4:54:14 PM,5:22:39 PM,10:02:47,11:52:51 AM,5:50 AM,5:54 PM,5:19 AM,6:26 PM
11/16/2011,6:24:04 AM,6:52:33 AM,4:53:30 PM,5:21:59 PM,10:00:57,11:53:02 AM,5:51 AM,5:54 PM,5:20 AM,6:25 PM
11/17/2011,6:25:06 AM,6:53:39 AM,4:52:48 PM,5:21:21 PM,9:59:09,11:53:14 AM,5:52 AM,5:53 PM,5:21 AM,6:25 PM
11/18/2011,6:26:08 AM,6:54:45 AM,4:52:08 PM,5:20:45 PM,9:57:23,11:53:26 AM,5:53 AM,5:53 PM,5:22 AM,6:24 PM
11/19/2011,6:27:09 AM,6:55:50 AM,4:51:30 PM,5:20:11 PM,9:55:40,11:53:40 AM,5:54 AM,5:52 PM,5:23 AM,6:24 PM
11/20/2011,6:28:11 AM,6:56:55 AM,4:50:54 PM,5:19:38 PM,9:53:59,11:53:55 AM,5:55 AM,5:52 PM,5:23 AM,6:23 PM
11/21/2011,6:29:12 AM,6:58:00 AM,4:50:20 PM,5:19:08 PM,9:52:20,11:54:10 AM,5:56 AM,5:51 PM,5:24 AM,6:23 PM
11/22/2011,6:30:12 AM,6:59:04 AM,4:49:48 PM,5:18:39 PM,9:50:44,11:54:26 AM,5:57 AM,5:51 PM,5:25 AM,6:23 PM
11/23/2011,6:31:13 AM,7:00:08 AM,4:49:18 PM,5:18:13 PM,9:49:10,11:54:43 AM,5:58 AM,5:50 PM,5:26 AM,6:22 PM
11/24/2011,6:32:12 AM,7:01:11 AM,4:48:50 PM,5:17:48 PM,9:47:39,11:55:00 AM,5:59 AM,5:50 PM,5:27 AM,6:22 PM
11/25/2011,6:33:12 AM,7:02:14 AM,4:48:24 PM,5:17:26 PM,9:46:10,11:55:19 AM,6:00 AM,5:50 PM,5:28 AM,6:22 PM
11/26/2011,6:34:10 AM,7:03:16 AM,4:48:00 PM,5:17:05 PM,9:44:44,11:55:38 AM,6:01 AM,5:49 PM,5:29 AM,6:21 PM
11/27/2011,6:35:08 AM,7:04:17 AM,4:47:38 PM,5:16:47 PM,9:43:21,11:55:58 AM,6:02 AM,5:49 PM,5:30 AM,6:21 PM
11/28/2011,6:36:06 AM,7:05:18 AM,4:47:18 PM,5:16:30 PM,9:42:00,11:56:18 AM,6:03 AM,5:49 PM,5:31 AM,6:21 PM
11/29/2011,6:37:03 AM,7:06:18 AM,4:47:01 PM,5:16:16 PM,9:40:43,11:56:39 AM,6:04 AM,5:49 PM,5:32 AM,6:21 PM
11/30/2011,6:37:59 AM,7:07:17 AM,4:46:45 PM,5:16:03 PM,9:39:28,11:57:01 AM,6:04 AM,5:49 PM,5:32 AM,6:21 PM
12/1/2011,6:38:54 AM,7:08:16 AM,4:46:32 PM,5:15:53 PM,9:38:16,11:57:24 AM,6:05 AM,5:48 PM,5:33 AM,6:21 PM
12/2/2011,6:39:49 AM,7:09:13 AM,4:46:21 PM,5:15:45 PM,9:37:08,11:57:47 AM,6:06 AM,5:48 PM,5:34 AM,6:21 PM
12/3/2011,6:40:43 AM,7:10:09 AM,4:46:12 PM,5:15:39 PM,9:36:03,11:58:11 AM,6:07 AM,5:48 PM,5:35 AM,6:20 PM
12/4/2011,6:41:35 AM,7:11:05 AM,4:46:05 PM,5:15:35 PM,9:35:00,11:58:35 AM,6:08 AM,5:48 PM,5:36 AM,6:20 PM
12/5/2011,6:42:27 AM,7:11:59 AM,4:46:01 PM,5:15:33 PM,9:34:02,11:59:00 AM,6:09 AM,5:48 PM,5:36 AM,6:21 PM
12/6/2011,6:43:18 AM,7:12:52 AM,4:45:58 PM,5:15:33 PM,9:33:06,11:59:25 AM,6:10 AM,5:48 PM,5:37 AM,6:21 PM
12/7/2011,6:44:08 AM,7:13:44 AM,4:45:58 PM,5:15:35 PM,9:32:14,11:59:51 AM,6:10 AM,5:48 PM,5:38 AM,6:21 PM
12/8/2011,6:44:56 AM,7:14:35 AM,4:46:00 PM,5:15:39 PM,9:31:25,12:00:18 PM,6:11 AM,5:48 PM,5:39 AM,6:21 PM
12/9/2011,6:45:44 AM,7:15:25 AM,4:46:05 PM,5:15:45 PM,9:30:40,12:00:45 PM,6:12 AM,5:49 PM,5:40 AM,6:21 PM
12/10/2011,6:46:30 AM,7:16:13 AM,4:46:11 PM,5:15:54 PM,9:29:58,12:01:12 PM,6:13 AM,5:49 PM,5:40 AM,6:21 PM
12/11/2011,6:47:16 AM,7:17:00 AM,4:46:20 PM,5:16:04 PM,9:29:20,12:01:40 PM,6:13 AM,5:49 PM,5:41 AM,6:21 PM
12/12/2011,6:47:59 AM,7:17:45 AM,4:46:30 PM,5:16:16 PM,9:28:45,12:02:08 PM,6:14 AM,5:49 PM,5:42 AM,6:22 PM
12/13/2011,6:48:42 AM,7:18:29 AM,4:46:43 PM,5:16:30 PM,9:28:14,12:02:36 PM,6:15 AM,5:49 PM,5:42 AM,6:22 PM
12/14/2011,6:49:23 AM,7:19:11 AM,4:46:58 PM,5:16:47 PM,9:27:47,12:03:05 PM,6:15 AM,5:50 PM,5:43 AM,6:22 PM
12/15/2011,6:50:03 AM,7:19:52 AM,4:47:15 PM,5:17:05 PM,9:27:23,12:03:34 PM,6:16 AM,5:50 PM,5:44 AM,6:23 PM
12/16/2011,6:50:41 AM,7:20:31 AM,4:47:35 PM,5:17:25 PM,9:27:04,12:04:03 PM,6:17 AM,5:50 PM,5:44 AM,6:23 PM
12/17/2011,6:51:18 AM,7:21:09 AM,4:47:56 PM,5:17:47 PM,9:26:47,12:04:32 PM,6:17 AM,5:51 PM,5:45 AM,6:23 PM
12/18/2011,6:51:53 AM,7:21:45 AM,4:48:19 PM,5:18:11 PM,9:26:34,12:05:02 PM,6:18 AM,5:51 PM,5:45 AM,6:24 PM
12/19/2011,6:52:27 AM,7:22:19 AM,4:48:44 PM,5:18:36 PM,9:26:25,12:05:31 PM,6:18 AM,5:52 PM,5:46 AM,6:24 PM
12/20/2011,6:52:59 AM,7:22:51 AM,4:49:12 PM,5:19:04 PM,9:26:21,12:06:01 PM,6:19 AM,5:52 PM,5:46 AM,6:25 PM
12/21/2011,6:53:29 AM,7:23:21 AM,4:49:41 PM,5:19:33 PM,9:26:20,12:06:31 PM,6:19 AM,5:53 PM,5:47 AM,6:25 PM
12/22/2011,6:53:58 AM,7:23:50 AM,4:50:12 PM,5:20:04 PM,9:26:22,12:07:01 PM,6:20 AM,5:53 PM,5:47 AM,6:26 PM
12/23/2011,6:54:24 AM,7:24:16 AM,4:50:45 PM,5:20:37 PM,9:26:29,12:07:31 PM,6:20 AM,5:54 PM,5:48 AM,6:26 PM
12/24/2011,6:54:50 AM,7:24:41 AM,4:51:20 PM,5:21:11 PM,9:26:39,12:08:01 PM,6:21 AM,5:54 PM,5:48 AM,6:27 PM
12/25/2011,6:55:13 AM,7:25:04 AM,4:51:57 PM,5:21:48 PM,9:26:53,12:08:30 PM,6:21 AM,5:55 PM,5:49 AM,6:27 PM
12/26/2011,6:55:35 AM,7:25:24 AM,4:52:35 PM,5:22:25 PM,9:27:11,12:09:00 PM,6:22 AM,5:55 PM,5:49 AM,6:28 PM
12/27/2011,6:55:54 AM,7:25:43 AM,4:53:16 PM,5:23:05 PM,9:27:33,12:09:29 PM,6:22 AM,5:56 PM,5:50 AM,6:28 PM
12/28/2011,6:56:12 AM,7:26:00 AM,4:53:58 PM,5:23:45 PM,9:27:58,12:09:59 PM,6:22 AM,5:57 PM,5:50 AM,6:29 PM
12/29/2011,6:56:28 AM,7:26:15 AM,4:54:41 PM,5:24:28 PM,9:28:26,12:10:28 PM,6:23 AM,5:57 PM,5:50 AM,6:30 PM
12/30/2011,6:56:42 AM,7:26:27 AM,4:55:26 PM,5:25:11 PM,9:28:59,12:10:57 PM,6:23 AM,5:58 PM,5:50 AM,6:31 PM
12/31/2011,6:56:54 AM,7:26:38 AM,4:56:13 PM,5:25:56 PM,9:29:35,12:11:25 PM,6:23 AM,5:59 PM,5:51 AM,6:31 PM
1/1/2012,6:57:04 AM,7:26:46 AM,4:57:01 PM,5:26:43 PM,9:30:15,12:11:54 PM,6:23 AM,6:00 PM,5:51 AM,6:32 PM
1/2/2012,6:57:12 AM,7:26:52 AM,4:57:51 PM,5:27:31 PM,9:30:59,12:12:21 PM,6:23 AM,6:00 PM,5:51 AM,6:33 PM
1/3/2012,6:57:19 AM,7:26:56 AM,4:58:42 PM,5:28:20 PM,9:31:46,12:12:49 PM,6:24 AM,6:01 PM,5:51 AM,6:33 PM
1/4/2012,6:57:23 AM,7:26:58 AM,4:59:34 PM,5:29:10 PM,9:32:36,12:13:16 PM,6:24 AM,6:02 PM,5:51 AM,6:34 PM
1/5/2012,6:57:25 AM,7:26:58 AM,5:00:28 PM,5:30:01 PM,9:33:30,12:13:43 PM,6:24 AM,6:03 PM,5:51 AM,6:35 PM
1/6/2012,6:57:25 AM,7:26:56 AM,5:01:23 PM,5:30:53 PM,9:34:27,12:14:09 PM,6:24 AM,6:04 PM,5:51 AM,6:36 PM
1/7/2012,6:57:23 AM,7:26:51 AM,5:02:19 PM,5:31:47 PM,9:35:28,12:14:35 PM,6:24 AM,6:04 PM,5:52 AM,6:37 PM
1/8/2012,6:57:19 AM,7:26:45 AM,5:03:16 PM,5:32:42 PM,9:36:31,12:15:00 PM,6:24 AM,6:05 PM,5:52 AM,6:38 PM
1/9/2012,6:57:13 AM,7:26:36 AM,5:04:14 PM,5:33:37 PM,9:37:38,12:15:25 PM,6:24 AM,6:06 PM,5:51 AM,6:38 PM
1/10/2012,6:57:05 AM,7:26:25 AM,5:05:14 PM,5:34:33 PM,9:38:49,12:15:49 PM,6:24 AM,6:07 PM,5:51 AM,6:39 PM
1/11/2012,6:56:55 AM,7:26:12 AM,5:06:14 PM,5:35:31 PM,9:40:02,12:16:13 PM,6:23 AM,6:08 PM,5:51 AM,6:40 PM
1/12/2012,6:56:43 AM,7:25:57 AM,5:07:15 PM,5:36:29 PM,9:41:18,12:16:36 PM,6:23 AM,6:09 PM,5:51 AM,6:41 PM
1/13/2012,6:56:29 AM,7:25:40 AM,5:08:18 PM,5:37:28 PM,9:42:38,12:16:59 PM,6:23 AM,6:10 PM,5:51 AM,6:42 PM
1/14/2012,6:56:13 AM,7:25:20 AM,5:09:20 PM,5:38:27 PM,9:44:00,12:17:20 PM,6:23 AM,6:11 PM,5:51 AM,6:43 PM
1/15/2012,6:55:55 AM,7:24:59 AM,5:10:24 PM,5:39:28 PM,9:45:25,12:17:41 PM,6:23 AM,6:12 PM,5:51 AM,6:44 PM
1/16/2012,6:55:35 AM,7:24:35 AM,5:11:29 PM,5:40:29 PM,9:46:54,12:18:02 PM,6:22 AM,6:13 PM,5:50 AM,6:45 PM
1/17/2012,6:55:13 AM,7:24:10 AM,5:12:34 PM,5:41:30 PM,9:48:24,12:18:22 PM,6:22 AM,6:14 PM,5:50 AM,6:46 PM
1/18/2012,6:54:49 AM,7:23:42 AM,5:13:39 PM,5:42:32 PM,9:49:57,12:18:41 PM,6:22 AM,6:15 PM,5:50 AM,6:47 PM
1/19/2012,6:54:23 AM,7:23:12 AM,5:14:46 PM,5:43:35 PM,9:51:34,12:18:59 PM,6:21 AM,6:16 PM,5:50 AM,6:47 PM
1/20/2012,6:53:55 AM,7:22:41 AM,5:15:52 PM,5:44:38 PM,9:53:11,12:19:17 PM,6:21 AM,6:17 PM,5:49 AM,6:48 PM
1/21/2012,6:53:25 AM,7:22:07 AM,5:17:00 PM,5:45:41 PM,9:54:53,12:19:33 PM,6:20 AM,6:18 PM,5:49 AM,6:49 PM
1/22/2012,6:52:53 AM,7:21:31 AM,5:18:07 PM,5:46:45 PM,9:56:36,12:19:49 PM,6:20 AM,6:19 PM,5:48 AM,6:50 PM
1/23/2012,6:52:20 AM,7:20:54 AM,5:19:15 PM,5:47:49 PM,9:58:21,12:20:05 PM,6:19 AM,6:20 PM,5:48 AM,6:51 PM
1/24/2012,6:51:44 AM,7:20:15 AM,5:20:24 PM,5:48:54 PM,10:00:09,12:20:19 PM,6:19 AM,6:21 PM,5:47 AM,6:52 PM
1/25/2012,6:51:07 AM,7:19:33 AM,5:21:32 PM,5:49:59 PM,10:01:59,12:20:33 PM,6:18 AM,6:22 PM,5:47 AM,6:53 PM
1/26/2012,6:50:27 AM,7:18:50 AM,5:22:41 PM,5:51:04 PM,10:03:51,12:20:46 PM,6:18 AM,6:23 PM,5:46 AM,6:54 PM
1/27/2012,6:49:46 AM,7:18:05 AM,5:23:50 PM,5:52:09 PM,10:05:45,12:20:58 PM,6:17 AM,6:24 PM,5:46 AM,6:55 PM
1/28/2012,6:49:03 AM,7:17:18 AM,5:25:00 PM,5:53:15 PM,10:07:42,12:21:09 PM,6:16 AM,6:25 PM,5:45 AM,6:56 PM
1/29/2012,6:48:19 AM,7:16:30 AM,5:26:09 PM,5:54:20 PM,10:09:39,12:21:19 PM,6:16 AM,6:26 PM,5:44 AM,6:57 PM
1/30/2012,6:47:32 AM,7:15:40 AM,5:27:18 PM,5:55:26 PM,10:11:38,12:21:29 PM,6:15 AM,6:27 PM,5:44 AM,6:58 PM
1/31/2012,6:46:44 AM,7:14:48 AM,5:28:28 PM,5:56:32 PM,10:13:40,12:21:38 PM,6:14 AM,6:28 PM,5:43 AM,6:59 PM
2/1/2012,6:45:54 AM,7:13:54 AM,5:29:38 PM,5:57:37 PM,10:15:44,12:21:46 PM,6:14 AM,6:29 PM,5:42 AM,7:00 PM
2/2/2012,6:45:03 AM,7:12:59 AM,5:30:47 PM,5:58:43 PM,10:17:48,12:21:53 PM,6:13 AM,6:30 PM,5:41 AM,7:01 PM
2/3/2012,6:44:10 AM,7:12:02 AM,5:31:57 PM,5:59:49 PM,10:19:55,12:21:59 PM,6:12 AM,6:31 PM,5:41 AM,7:02 PM
2/4/2012,6:43:15 AM,7:11:04 AM,5:33:06 PM,6:00:55 PM,10:22:02,12:22:05 PM,6:11 AM,6:32 PM,5:40 AM,7:03 PM
2/5/2012,6:42:19 AM,7:10:04 AM,5:34:16 PM,6:02:01 PM,10:24:12,12:22:10 PM,6:10 AM,6:33 PM,5:39 AM,7:04 PM
2/6/2012,6:41:21 AM,7:09:02 AM,5:35:25 PM,6:03:06 PM,10:26:23,12:22:14 PM,6:09 AM,6:34 PM,5:38 AM,7:05 PM
2/7/2012,6:40:22 AM,7:07:59 AM,5:36:34 PM,6:04:12 PM,10:28:35,12:22:17 PM,6:08 AM,6:35 PM,5:37 AM,7:06 PM
2/8/2012,6:39:21 AM,7:06:55 AM,5:37:43 PM,6:05:18 PM,10:30:48,12:22:19 PM,6:07 AM,6:36 PM,5:36 AM,7:07 PM
2/9/2012,6:38:19 AM,7:05:49 AM,5:38:52 PM,6:06:23 PM,10:33:03,12:22:21 PM,6:06 AM,6:37 PM,5:35 AM,7:08 PM
2/10/2012,6:37:15 AM,7:04:42 AM,5:40:01 PM,6:07:28 PM,10:35:19,12:22:22 PM,6:05 AM,6:38 PM,5:34 AM,7:09 PM
2/11/2012,6:36:10 AM,7:03:34 AM,5:41:10 PM,6:08:34 PM,10:37:36,12:22:22 PM,6:04 AM,6:39 PM,5:33 AM,7:10 PM
2/12/2012,6:35:03 AM,7:02:24 AM,5:42:18 PM,6:09:39 PM,10:39:54,12:22:21 PM,6:03 AM,6:40 PM,5:32 AM,7:11 PM
2/13/2012,6:33:55 AM,7:01:13 AM,5:43:26 PM,6:10:43 PM,10:42:13,12:22:19 PM,6:02 AM,6:42 PM,5:31 AM,7:12 PM
2/14/2012,6:32:46 AM,7:00:01 AM,5:44:34 PM,6:11:48 PM,10:44:33,12:22:17 PM,6:01 AM,6:43 PM,5:30 AM,7:14 PM
2/15/2012,6:31:36 AM,6:58:47 AM,5:45:41 PM,6:12:53 PM,10:46:54,12:22:14 PM,6:00 AM,6:44 PM,5:29 AM,7:15 PM
2/16/2012,6:30:24 AM,6:57:33 AM,5:46:49 PM,6:13:57 PM,10:49:16,12:22:11 PM,5:59 AM,6:45 PM,5:28 AM,7:16 PM
2/17/2012,6:29:11 AM,6:56:17 AM,5:47:56 PM,6:15:01 PM,10:51:39,12:22:06 PM,5:58 AM,6:46 PM,5:27 AM,7:17 PM
2/18/2012,6:27:57 AM,6:55:00 AM,5:49:02 PM,6:16:05 PM,10:54:02,12:22:01 PM,5:56 AM,6:47 PM,5:25 AM,7:18 PM
2/19/2012,6:26:42 AM,6:53:42 AM,5:50:09 PM,6:17:09 PM,10:56:27,12:21:55 PM,5:55 AM,6:48 PM,5:24 AM,7:19 PM
2/20/2012,6:25:26 AM,6:52:23 AM,5:51:15 PM,6:18:12 PM,10:58:52,12:21:49 PM,5:54 AM,6:49 PM,5:23 AM,7:20 PM
2/21/2012,6:24:08 AM,6:51:03 AM,5:52:21 PM,6:19:16 PM,11:01:18,12:21:42 PM,5:53 AM,6:50 PM,5:22 AM,7:21 PM
2/22/2012,6:22:50 AM,6:49:42 AM,5:53:26 PM,6:20:19 PM,11:03:44,12:21:34 PM,5:51 AM,6:51 PM,5:20 AM,7:22 PM
2/23/2012,6:21:30 AM,6:48:21 AM,5:54:31 PM,6:21:22 PM,11:06:10,12:21:26 PM,5:50 AM,6:52 PM,5:19 AM,7:23 PM
2/24/2012,6:20:10 AM,6:46:58 AM,5:55:36 PM,6:22:24 PM,11:08:38,12:21:17 PM,5:49 AM,6:53 PM,5:18 AM,7:24 PM
2/25/2012,6:18:48 AM,6:45:34 AM,5:56:41 PM,6:23:27 PM,11:11:07,12:21:08 PM,5:47 AM,6:54 PM,5:17 AM,7:25 PM
2/26/2012,6:17:26 AM,6:44:10 AM,5:57:45 PM,6:24:29 PM,11:13:35,12:20:58 PM,5:46 AM,6:55 PM,5:15 AM,7:26 PM
2/27/2012,6:16:03 AM,6:42:45 AM,5:58:49 PM,6:25:31 PM,11:16:04,12:20:47 PM,5:45 AM,6:56 PM,5:14 AM,7:27 PM
2/28/2012,6:14:39 AM,6:41:19 AM,5:59:53 PM,6:26:33 PM,11:18:34,12:20:36 PM,5:43 AM,6:57 PM,5:12 AM,7:28 PM
2/29/2012,6:13:14 AM,6:39:52 AM,6:00:56 PM,6:27:35 PM,11:21:04,12:20:24 PM,5:42 AM,6:58 PM,5:11 AM,7:29 PM
3/1/2012,6:11:48 AM,6:38:25 AM,6:01:59 PM,6:28:36 PM,11:23:34,12:20:12 PM,5:40 AM,6:59 PM,5:10 AM,7:30 PM
3/2/2012,6:10:21 AM,6:36:57 AM,6:03:02 PM,6:29:38 PM,11:26:05,12:19:59 PM,5:39 AM,7:00 PM,5:08 AM,7:31 PM
3/3/2012,6:08:54 AM,6:35:29 AM,6:04:04 PM,6:30:39 PM,11:28:35,12:19:46 PM,5:38 AM,7:01 PM,5:07 AM,7:32 PM
3/4/2012,6:07:26 AM,6:33:59 AM,6:05:06 PM,6:31:40 PM,11:31:07,12:19:33 PM,5:36 AM,7:02 PM,5:05 AM,7:33 PM
3/5/2012,6:05:57 AM,6:32:30 AM,6:06:08 PM,6:32:41 PM,11:33:38,12:19:19 PM,5:35 AM,7:03 PM,5:04 AM,7:34 PM
3/6/2012,6:04:28 AM,6:30:59 AM,6:07:10 PM,6:33:41 PM,11:36:11,12:19:05 PM,5:33 AM,7:04 PM,5:02 AM,7:35 PM
3/7/2012,6:02:58 AM,6:29:29 AM,6:08:11 PM,6:34:42 PM,11:38:42,12:18:50 PM,5:32 AM,7:05 PM,5:01 AM,7:36 PM
3/8/2012,6:01:27 AM,6:27:57 AM,6:09:12 PM,6:35:42 PM,11:41:15,12:18:35 PM,5:30 AM,7:06 PM,4:59 AM,7:37 PM
3/9/2012,5:59:56 AM,6:26:26 AM,6:10:13 PM,6:36:42 PM,11:43:47,12:18:19 PM,5:29 AM,7:07 PM,4:57 AM,7:38 PM
3/10/2012,5:58:25 AM,6:24:54 AM,6:11:13 PM,6:37:42 PM,11:46:19,12:18:04 PM,5:27 AM,7:08 PM,4:56 AM,7:39 PM
3/11/2012,6:56:57 AM,7:23:25 AM,7:12:11 PM,7:38:40 PM,11:48:46,1:17:48 PM,6:26 AM,8:09 PM,5:54 AM,8:40 PM
3/12/2012,6:55:24 AM,7:21:52 AM,7:13:11 PM,7:39:40 PM,11:51:19,1:17:32 PM,6:24 AM,8:10 PM,5:53 AM,8:41 PM
3/13/2012,6:53:51 AM,7:20:19 AM,7:14:11 PM,7:40:40 PM,11:53:52,1:17:15 PM,6:22 AM,8:11 PM,5:51 AM,8:42 PM
3/14/2012,6:52:18 AM,7:18:46 AM,7:15:11 PM,7:41:39 PM,11:56:25,1:16:58 PM,6:21 AM,8:12 PM,5:50 AM,8:43 PM
3/15/2012,6:50:44 AM,7:17:12 AM,7:16:11 PM,7:42:39 PM,11:58:59,1:16:41 PM,6:19 AM,8:13 PM,5:48 AM,8:45 PM
3/16/2012,6:49:10 AM,7:15:39 AM,7:17:10 PM,7:43:39 PM,12:01:31,1:16:24 PM,6:18 AM,8:14 PM,5:46 AM,8:46 PM
3/17/2012,6:47:35 AM,7:14:05 AM,7:18:09 PM,7:44:38 PM,12:04:04,1:16:07 PM,6:16 AM,8:15 PM,5:45 AM,8:47 PM
3/18/2012,6:46:01 AM,7:12:30 AM,7:19:08 PM,7:45:38 PM,12:06:38,1:15:49 PM,6:14 AM,8:16 PM,5:43 AM,8:48 PM
3/19/2012,6:44:26 AM,7:10:56 AM,7:20:07 PM,7:46:37 PM,12:09:11,1:15:31 PM,6:13 AM,8:17 PM,5:41 AM,8:49 PM
3/20/2012,6:42:51 AM,7:09:22 AM,7:21:05 PM,7:47:37 PM,12:11:43,1:15:14 PM,6:11 AM,8:18 PM,5:40 AM,8:50 PM
3/21/2012,6:41:15 AM,7:07:47 AM,7:22:04 PM,7:48:36 PM,12:14:17,1:14:56 PM,6:10 AM,8:19 PM,5:38 AM,8:51 PM
3/22/2012,6:39:40 AM,7:06:13 AM,7:23:02 PM,7:49:36 PM,12:16:49,1:14:38 PM,6:08 AM,8:20 PM,5:36 AM,8:52 PM
3/23/2012,6:38:04 AM,7:04:38 AM,7:24:01 PM,7:50:35 PM,12:19:23,1:14:20 PM,6:06 AM,8:21 PM,5:34 AM,8:53 PM
3/24/2012,6:36:28 AM,7:03:04 AM,7:24:59 PM,7:51:35 PM,12:21:55,1:14:01 PM,6:05 AM,8:22 PM,5:33 AM,8:54 PM
3/25/2012,6:34:52 AM,7:01:30 AM,7:25:57 PM,7:52:34 PM,12:24:27,1:13:43 PM,6:03 AM,8:23 PM,5:31 AM,8:56 PM
3/26/2012,6:33:17 AM,6:59:55 AM,7:26:55 PM,7:53:34 PM,12:27:00,1:13:25 PM,6:01 AM,8:25 PM,5:29 AM,8:57 PM
3/27/2012,6:31:41 AM,6:58:21 AM,7:27:53 PM,7:54:33 PM,12:29:32,1:13:07 PM,6:00 AM,8:26 PM,5:27 AM,8:58 PM
3/28/2012,6:30:05 AM,6:56:47 AM,7:28:51 PM,7:55:33 PM,12:32:04,1:12:49 PM,5:58 AM,8:27 PM,5:26 AM,8:59 PM
3/29/2012,6:28:29 AM,6:55:13 AM,7:29:49 PM,7:56:33 PM,12:34:36,1:12:31 PM,5:56 AM,8:28 PM,5:24 AM,9:00 PM
3/30/2012,6:26:53 AM,6:53:39 AM,7:30:47 PM,7:57:33 PM,12:37:08,1:12:13 PM,5:55 AM,8:29 PM,5:22 AM,9:01 PM
3/31/2012,6:25:18 AM,6:52:06 AM,7:31:44 PM,7:58:33 PM,12:39:38,1:11:55 PM,5:53 AM,8:30 PM,5:20 AM,9:02 PM
4/1/2012,6:23:42 AM,6:50:33 AM,7:32:42 PM,7:59:33 PM,12:42:09,1:11:37 PM,5:51 AM,8:31 PM,5:19 AM,9:04 PM
4/2/2012,6:22:07 AM,6:49:00 AM,7:33:40 PM,8:00:33 PM,12:44:40,1:11:20 PM,5:50 AM,8:32 PM,5:17 AM,9:05 PM
4/3/2012,6:20:32 AM,6:47:27 AM,7:34:37 PM,8:01:33 PM,12:47:10,1:11:02 PM,5:48 AM,8:33 PM,5:15 AM,9:06 PM
4/4/2012,6:18:57 AM,6:45:55 AM,7:35:35 PM,8:02:33 PM,12:49:40,1:10:45 PM,5:46 AM,8:34 PM,5:13 AM,9:07 PM
4/5/2012,6:17:22 AM,6:44:23 AM,7:36:33 PM,8:03:34 PM,12:52:10,1:10:28 PM,5:45 AM,8:35 PM,5:12 AM,9:08 PM
4/6/2012,6:15:48 AM,6:42:52 AM,7:37:31 PM,8:04:34 PM,12:54:39,1:10:11 PM,5:43 AM,8:36 PM,5:10 AM,9:10 PM
4/7/2012,6:14:14 AM,6:41:21 AM,7:38:28 PM,8:05:35 PM,12:57:07,1:09:55 PM,5:41 AM,8:37 PM,5:08 AM,9:11 PM
4/8/2012,6:12:41 AM,6:39:51 AM,7:39:26 PM,8:06:36 PM,12:59:35,1:09:38 PM,5:40 AM,8:39 PM,5:06 AM,9:12 PM
4/9/2012,6:11:07 AM,6:38:21 AM,7:40:24 PM,8:07:37 PM,13:02:03,1:09:22 PM,5:38 AM,8:40 PM,5:04 AM,9:13 PM
4/10/2012,6:09:35 AM,6:36:51 AM,7:41:22 PM,8:08:38 PM,13:04:31,1:09:06 PM,5:37 AM,8:41 PM,5:03 AM,9:15 PM
4/11/2012,6:08:02 AM,6:35:22 AM,7:42:19 PM,8:09:39 PM,13:06:57,1:08:51 PM,5:35 AM,8:42 PM,5:01 AM,9:16 PM
4/12/2012,6:06:30 AM,6:33:54 AM,7:43:17 PM,8:10:41 PM,13:09:23,1:08:36 PM,5:33 AM,8:43 PM,4:59 AM,9:17 PM
4/13/2012,6:04:59 AM,6:32:26 AM,7:44:15 PM,8:11:42 PM,13:11:49,1:08:21 PM,5:32 AM,8:44 PM,4:57 AM,9:18 PM
4/14/2012,6:03:28 AM,6:30:59 AM,7:45:13 PM,8:12:44 PM,13:14:14,1:08:06 PM,5:30 AM,8:45 PM,4:55 AM,9:20 PM
4/15/2012,6:01:58 AM,6:29:33 AM,7:46:11 PM,8:13:46 PM,13:16:38,1:07:52 PM,5:28 AM,8:46 PM,4:54 AM,9:21 PM
4/16/2012,6:00:29 AM,6:28:08 AM,7:47:09 PM,8:14:48 PM,13:19:01,1:07:38 PM,5:27 AM,8:48 PM,4:52 AM,9:22 PM
4/17/2012,5:59:00 AM,6:26:43 AM,7:48:07 PM,8:15:50 PM,13:21:24,1:07:25 PM,5:25 AM,8:49 PM,4:50 AM,9:24 PM
4/18/2012,5:57:32 AM,6:25:19 AM,7:49:05 PM,8:16:52 PM,13:23:46,1:07:12 PM,5:24 AM,8:50 PM,4:48 AM,9:25 PM
4/19/2012,5:56:04 AM,6:23:56 AM,7:50:03 PM,8:17:55 PM,13:26:07,1:06:59 PM,5:22 AM,8:51 PM,4:47 AM,9:26 PM
4/20/2012,5:54:37 AM,6:22:33 AM,7:51:01 PM,8:18:57 PM,13:28:28,1:06:47 PM,5:20 AM,8:52 PM,4:45 AM,9:28 PM
4/21/2012,5:53:11 AM,6:21:12 AM,7:51:59 PM,8:20:00 PM,13:30:47,1:06:35 PM,5:19 AM,8:53 PM,4:43 AM,9:29 PM
4/22/2012,5:51:46 AM,6:19:51 AM,7:52:57 PM,8:21:02 PM,13:33:06,1:06:24 PM,5:17 AM,8:54 PM,4:41 AM,9:30 PM
4/23/2012,5:50:22 AM,6:18:31 AM,7:53:55 PM,8:22:05 PM,13:35:24,1:06:13 PM,5:16 AM,8:56 PM,4:40 AM,9:32 PM
4/24/2012,5:48:58 AM,6:17:13 AM,7:54:54 PM,8:23:08 PM,13:37:41,1:06:03 PM,5:14 AM,8:57 PM,4:38 AM,9:33 PM
4/25/2012,5:47:36 AM,6:15:55 AM,7:55:52 PM,8:24:11 PM,13:39:57,1:05:53 PM,5:13 AM,8:58 PM,4:36 AM,9:34 PM
4/26/2012,5:46:14 AM,6:14:38 AM,7:56:50 PM,8:25:14 PM,13:42:12,1:05:44 PM,5:11 AM,8:59 PM,4:35 AM,9:36 PM
4/27/2012,5:44:54 AM,6:13:23 AM,7:57:48 PM,8:26:17 PM,13:44:25,1:05:35 PM,5:10 AM,9:00 PM,4:33 AM,9:37 PM
4/28/2012,5:43:34 AM,6:12:08 AM,7:58:46 PM,8:27:19 PM,13:46:38,1:05:27 PM,5:08 AM,9:02 PM,4:31 AM,9:39 PM
4/29/2012,5:42:16 AM,6:10:55 AM,7:59:43 PM,8:28:22 PM,13:48:48,1:05:19 PM,5:07 AM,9:03 PM,4:30 AM,9:40 PM
4/30/2012,5:40:59 AM,6:09:43 AM,8:00:41 PM,8:29:25 PM,13:50:58,1:05:12 PM,5:06 AM,9:04 PM,4:28 AM,9:41 PM
5/1/2012,5:39:42 AM,6:08:31 AM,8:01:39 PM,8:30:28 PM,13:53:08,1:05:05 PM,5:04 AM,9:05 PM,4:26 AM,9:43 PM
5/2/2012,5:38:27 AM,6:07:22 AM,8:02:37 PM,8:31:31 PM,13:55:15,1:04:59 PM,5:03 AM,9:06 PM,4:25 AM,9:44 PM
5/3/2012,5:37:13 AM,6:06:13 AM,8:03:34 PM,8:32:34 PM,13:57:21,1:04:53 PM,5:01 AM,9:07 PM,4:23 AM,9:46 PM
5/4/2012,5:36:01 AM,6:05:06 AM,8:04:31 PM,8:33:36 PM,13:59:25,1:04:48 PM,5:00 AM,9:09 PM,4:22 AM,9:47 PM
5/5/2012,5:34:49 AM,6:04:00 AM,8:05:28 PM,8:34:39 PM,14:01:28,1:04:44 PM,4:59 AM,9:10 PM,4:20 AM,9:48 PM
5/6/2012,5:33:39 AM,6:02:55 AM,8:06:25 PM,8:35:41 PM,14:03:30,1:04:40 PM,4:57 AM,9:11 PM,4:19 AM,9:50 PM
5/7/2012,5:32:30 AM,6:01:51 AM,8:07:22 PM,8:36:43 PM,14:05:31,1:04:37 PM,4:56 AM,9:12 PM,4:17 AM,9:51 PM
5/8/2012,5:31:23 AM,6:00:49 AM,8:08:19 PM,8:37:45 PM,14:07:30,1:04:34 PM,4:55 AM,9:13 PM,4:15 AM,9:53 PM
5/9/2012,5:30:17 AM,5:59:49 AM,8:09:15 PM,8:38:47 PM,14:09:26,1:04:32 PM,4:54 AM,9:15 PM,4:14 AM,9:54 PM
5/10/2012,5:29:12 AM,5:58:50 AM,8:10:11 PM,8:39:48 PM,14:11:21,1:04:30 PM,4:52 AM,9:16 PM,4:13 AM,9:55 PM
5/11/2012,5:28:09 AM,5:57:52 AM,8:11:06 PM,8:40:49 PM,14:13:14,1:04:29 PM,4:51 AM,9:17 PM,4:11 AM,9:57 PM
5/12/2012,5:27:08 AM,5:56:56 AM,8:12:01 PM,8:41:50 PM,14:15:05,1:04:29 PM,4:50 AM,9:18 PM,4:10 AM,9:58 PM
5/13/2012,5:26:08 AM,5:56:01 AM,8:12:56 PM,8:42:50 PM,14:16:55,1:04:29 PM,4:49 AM,9:19 PM,4:08 AM,10:00 PM
5/14/2012,5:25:09 AM,5:55:08 AM,8:13:51 PM,8:43:50 PM,14:18:43,1:04:29 PM,4:48 AM,9:20 PM,4:07 AM,10:01 PM
5/15/2012,5:24:12 AM,5:54:17 AM,8:14:45 PM,8:44:49 PM,14:20:28,1:04:31 PM,4:47 AM,9:21 PM,4:06 AM,10:02 PM
5/16/2012,5:23:17 AM,5:53:27 AM,8:15:38 PM,8:45:48 PM,14:22:11,1:04:32 PM,4:45 AM,9:23 PM,4:04 AM,10:04 PM
5/17/2012,5:22:23 AM,5:52:38 AM,8:16:31 PM,8:46:46 PM,14:23:53,1:04:35 PM,4:44 AM,9:24 PM,4:03 AM,10:05 PM
5/18/2012,5:21:31 AM,5:51:52 AM,8:17:24 PM,8:47:44 PM,14:25:32,1:04:38 PM,4:43 AM,9:25 PM,4:02 AM,10:06 PM
5/19/2012,5:20:41 AM,5:51:07 AM,8:18:16 PM,8:48:41 PM,14:27:09,1:04:41 PM,4:42 AM,9:26 PM,4:01 AM,10:08 PM
5/20/2012,5:19:53 AM,5:50:23 AM,8:19:07 PM,8:49:37 PM,14:28:44,1:04:45 PM,4:41 AM,9:27 PM,3:59 AM,10:09 PM
5/21/2012,5:19:06 AM,5:49:42 AM,8:19:57 PM,8:50:33 PM,14:30:15,1:04:50 PM,4:41 AM,9:28 PM,3:58 AM,10:10 PM
5/22/2012,5:18:21 AM,5:49:02 AM,8:20:47 PM,8:51:28 PM,14:31:45,1:04:55 PM,4:40 AM,9:29 PM,3:57 AM,10:12 PM
5/23/2012,5:17:38 AM,5:48:24 AM,8:21:37 PM,8:52:22 PM,14:33:13,1:05:00 PM,4:39 AM,9:30 PM,3:56 AM,10:13 PM
5/24/2012,5:16:57 AM,5:47:47 AM,8:22:25 PM,8:53:15 PM,14:34:38,1:05:06 PM,4:38 AM,9:31 PM,3:55 AM,10:14 PM
5/25/2012,5:16:18 AM,5:47:13 AM,8:23:13 PM,8:54:07 PM,14:36:00,1:05:13 PM,4:37 AM,9:32 PM,3:54 AM,10:15 PM
5/26/2012,5:15:40 AM,5:46:40 AM,8:23:59 PM,8:54:59 PM,14:37:19,1:05:20 PM,4:36 AM,9:33 PM,3:53 AM,10:17 PM
5/27/2012,5:15:05 AM,5:46:09 AM,8:24:45 PM,8:55:49 PM,14:38:36,1:05:27 PM,4:36 AM,9:34 PM,3:52 AM,10:18 PM
5/28/2012,5:14:31 AM,5:45:40 AM,8:25:30 PM,8:56:39 PM,14:39:50,1:05:35 PM,4:35 AM,9:35 PM,3:51 AM,10:19 PM
5/29/2012,5:14:00 AM,5:45:12 AM,8:26:14 PM,8:57:27 PM,14:41:02,1:05:43 PM,4:34 AM,9:36 PM,3:50 AM,10:20 PM
5/30/2012,5:13:30 AM,5:44:47 AM,8:26:57 PM,8:58:14 PM,14:42:10,1:05:52 PM,4:34 AM,9:37 PM,3:50 AM,10:21 PM
5/31/2012,5:13:03 AM,5:44:23 AM,8:27:39 PM,8:59:00 PM,14:43:16,1:06:01 PM,4:33 AM,9:38 PM,3:49 AM,10:22 PM
6/1/2012,5:12:37 AM,5:44:01 AM,8:28:20 PM,8:59:45 PM,14:44:19,1:06:11 PM,4:33 AM,9:39 PM,3:48 AM,10:23 PM
6/2/2012,5:12:13 AM,5:43:41 AM,8:29:00 PM,9:00:28 PM,14:45:19,1:06:21 PM,4:32 AM,9:39 PM,3:47 AM,10:24 PM
6/3/2012,5:11:52 AM,5:43:23 AM,8:29:38 PM,9:01:10 PM,14:46:15,1:06:31 PM,4:32 AM,9:40 PM,3:47 AM,10:25 PM
6/4/2012,5:11:32 AM,5:43:07 AM,8:30:16 PM,9:01:51 PM,14:47:09,1:06:42 PM,4:31 AM,9:41 PM,3:46 AM,10:26 PM
6/5/2012,5:11:15 AM,5:42:53 AM,8:30:52 PM,9:02:30 PM,14:47:59,1:06:52 PM,4:31 AM,9:42 PM,3:46 AM,10:27 PM
6/6/2012,5:10:59 AM,5:42:40 AM,8:31:27 PM,9:03:08 PM,14:48:47,1:07:04 PM,4:31 AM,9:43 PM,3:45 AM,10:28 PM
6/7/2012,5:10:46 AM,5:42:30 AM,8:32:00 PM,9:03:44 PM,14:49:30,1:07:15 PM,4:30 AM,9:43 PM,3:45 AM,10:29 PM
6/8/2012,5:10:35 AM,5:42:21 AM,8:32:33 PM,9:04:19 PM,14:50:12,1:07:27 PM,4:30 AM,9:44 PM,3:44 AM,10:30 PM
6/9/2012,5:10:26 AM,5:42:14 AM,8:33:03 PM,9:04:52 PM,14:50:49,1:07:39 PM,4:30 AM,9:44 PM,3:44 AM,10:30 PM
6/10/2012,5:10:18 AM,5:42:09 AM,8:33:33 PM,9:05:24 PM,14:51:24,1:07:51 PM,4:30 AM,9:45 PM,3:44 AM,10:31 PM
6/11/2012,5:10:13 AM,5:42:06 AM,8:34:00 PM,9:05:53 PM,14:51:54,1:08:03 PM,4:29 AM,9:46 PM,3:43 AM,10:32 PM
6/12/2012,5:10:10 AM,5:42:05 AM,8:34:27 PM,9:06:22 PM,14:52:22,1:08:16 PM,4:29 AM,9:46 PM,3:43 AM,10:32 PM
6/13/2012,5:10:09 AM,5:42:06 AM,8:34:52 PM,9:06:48 PM,14:52:46,1:08:29 PM,4:29 AM,9:47 PM,3:43 AM,10:33 PM
6/14/2012,5:10:10 AM,5:42:08 AM,8:35:15 PM,9:07:13 PM,14:53:07,1:08:41 PM,4:29 AM,9:47 PM,3:43 AM,10:33 PM
6/15/2012,5:10:13 AM,5:42:12 AM,8:35:37 PM,9:07:35 PM,14:53:25,1:08:54 PM,4:29 AM,9:48 PM,3:43 AM,10:34 PM
6/16/2012,5:10:18 AM,5:42:18 AM,8:35:57 PM,9:07:56 PM,14:53:39,1:09:07 PM,4:29 AM,9:48 PM,3:43 AM,10:34 PM
6/17/2012,5:10:26 AM,5:42:26 AM,8:36:15 PM,9:08:15 PM,14:53:49,1:09:20 PM,4:29 AM,9:48 PM,3:43 AM,10:35 PM
6/18/2012,5:10:35 AM,5:42:35 AM,8:36:32 PM,9:08:32 PM,14:53:57,1:09:34 PM,4:30 AM,9:49 PM,3:43 AM,10:35 PM
6/19/2012,5:10:46 AM,5:42:47 AM,8:36:46 PM,9:08:48 PM,14:53:59,1:09:47 PM,4:30 AM,9:49 PM,3:43 AM,10:35 PM
6/20/2012,5:10:58 AM,5:43:00 AM,8:37:00 PM,9:09:01 PM,14:54:00,1:10:00 PM,4:30 AM,9:49 PM,3:43 AM,10:36 PM
6/21/2012,5:11:13 AM,5:43:14 AM,8:37:11 PM,9:09:12 PM,14:53:57,1:10:13 PM,4:30 AM,9:49 PM,3:44 AM,10:36 PM
6/22/2012,5:11:30 AM,5:43:31 AM,8:37:21 PM,9:09:21 PM,14:53:50,1:10:26 PM,4:31 AM,9:49 PM,3:44 AM,10:36 PM
6/23/2012,5:11:48 AM,5:43:48 AM,8:37:29 PM,9:09:28 PM,14:53:41,1:10:38 PM,4:31 AM,9:49 PM,3:44 AM,10:36 PM
6/24/2012,5:12:09 AM,5:44:08 AM,8:37:35 PM,9:09:34 PM,14:53:27,1:10:51 PM,4:31 AM,9:49 PM,3:45 AM,10:36 PM
6/25/2012,5:12:31 AM,5:44:29 AM,8:37:39 PM,9:09:37 PM,14:53:10,1:11:04 PM,4:32 AM,9:49 PM,3:45 AM,10:36 PM
6/26/2012,5:12:55 AM,5:44:52 AM,8:37:41 PM,9:09:38 PM,14:52:49,1:11:16 PM,4:32 AM,9:49 PM,3:46 AM,10:36 PM
6/27/2012,5:13:20 AM,5:45:16 AM,8:37:42 PM,9:09:37 PM,14:52:26,1:11:29 PM,4:33 AM,9:49 PM,3:46 AM,10:36 PM
6/28/2012,5:13:48 AM,5:45:41 AM,8:37:40 PM,9:09:33 PM,14:51:59,1:11:41 PM,4:33 AM,9:49 PM,3:47 AM,10:35 PM
6/29/2012,5:14:17 AM,5:46:08 AM,8:37:37 PM,9:09:28 PM,14:51:29,1:11:52 PM,4:34 AM,9:49 PM,3:48 AM,10:35 PM
6/30/2012,5:14:47 AM,5:46:37 AM,8:37:32 PM,9:09:21 PM,14:50:55,1:12:04 PM,4:34 AM,9:49 PM,3:48 AM,10:35 PM
7/1/2012,5:15:19 AM,5:47:06 AM,8:37:24 PM,9:09:11 PM,14:50:18,1:12:15 PM,4:35 AM,9:49 PM,3:49 AM,10:35 PM
7/2/2012,5:15:53 AM,5:47:38 AM,8:37:15 PM,9:09:00 PM,14:49:37,1:12:26 PM,4:35 AM,9:48 PM,3:50 AM,10:34 PM
7/3/2012,5:16:28 AM,5:48:10 AM,8:37:04 PM,9:08:46 PM,14:48:54,1:12:37 PM,4:36 AM,9:48 PM,3:51 AM,10:34 PM
7/4/2012,5:17:05 AM,5:48:44 AM,8:36:52 PM,9:08:30 PM,14:48:08,1:12:48 PM,4:37 AM,9:48 PM,3:51 AM,10:33 PM
7/5/2012,5:17:43 AM,5:49:18 AM,8:36:37 PM,9:08:12 PM,14:47:19,1:12:58 PM,4:37 AM,9:47 PM,3:52 AM,10:33 PM
7/6/2012,5:18:22 AM,5:49:54 AM,8:36:20 PM,9:07:52 PM,14:46:26,1:13:07 PM,4:38 AM,9:47 PM,3:53 AM,10:32 PM
7/7/2012,5:19:03 AM,5:50:32 AM,8:36:01 PM,9:07:30 PM,14:45:29,1:13:17 PM,4:39 AM,9:47 PM,3:54 AM,10:31 PM
7/8/2012,5:19:45 AM,5:51:10 AM,8:35:41 PM,9:07:06 PM,14:44:31,1:13:25 PM,4:40 AM,9:46 PM,3:55 AM,10:31 PM
7/9/2012,5:20:28 AM,5:51:49 AM,8:35:18 PM,9:06:40 PM,14:43:29,1:13:34 PM,4:41 AM,9:46 PM,3:56 AM,10:30 PM
7/10/2012,5:21:12 AM,5:52:30 AM,8:34:54 PM,9:06:12 PM,14:42:24,1:13:42 PM,4:41 AM,9:45 PM,3:57 AM,10:29 PM
7/11/2012,5:21:57 AM,5:53:11 AM,8:34:28 PM,9:05:42 PM,14:41:17,1:13:49 PM,4:42 AM,9:44 PM,3:58 AM,10:28 PM
7/12/2012,5:22:44 AM,5:53:53 AM,8:34:00 PM,9:05:09 PM,14:40:07,1:13:57 PM,4:43 AM,9:44 PM,3:59 AM,10:28 PM
7/13/2012,5:23:31 AM,5:54:36 AM,8:33:30 PM,9:04:35 PM,14:38:54,1:14:03 PM,4:44 AM,9:43 PM,4:00 AM,10:27 PM
7/14/2012,5:24:20 AM,5:55:20 AM,8:32:58 PM,9:03:59 PM,14:37:38,1:14:09 PM,4:45 AM,9:42 PM,4:02 AM,10:26 PM
7/15/2012,5:25:09 AM,5:56:05 AM,8:32:24 PM,9:03:21 PM,14:36:19,1:14:15 PM,4:46 AM,9:41 PM,4:03 AM,10:25 PM
7/16/2012,5:25:59 AM,5:56:51 AM,8:31:49 PM,9:02:41 PM,14:34:58,1:14:20 PM,4:47 AM,9:41 PM,4:04 AM,10:24 PM
7/17/2012,5:26:50 AM,5:57:37 AM,8:31:12 PM,9:01:58 PM,14:33:35,1:14:24 PM,4:48 AM,9:40 PM,4:05 AM,10:23 PM
7/18/2012,5:27:42 AM,5:58:24 AM,8:30:33 PM,9:01:15 PM,14:32:09,1:14:28 PM,4:49 AM,9:39 PM,4:06 AM,10:22 PM
7/19/2012,5:28:35 AM,5:59:12 AM,8:29:52 PM,9:00:29 PM,14:30:40,1:14:32 PM,4:50 AM,9:38 PM,4:08 AM,10:20 PM
7/20/2012,5:29:28 AM,6:00:00 AM,8:29:09 PM,8:59:41 PM,14:29:09,1:14:35 PM,4:51 AM,9:37 PM,4:09 AM,10:19 PM
7/21/2012,5:30:22 AM,6:00:49 AM,8:28:25 PM,8:58:52 PM,14:27:36,1:14:37 PM,4:52 AM,9:36 PM,4:10 AM,10:18 PM
7/22/2012,5:31:17 AM,6:01:39 AM,8:27:39 PM,8:58:01 PM,14:26:00,1:14:39 PM,4:53 AM,9:35 PM,4:11 AM,10:17 PM
7/23/2012,5:32:12 AM,6:02:29 AM,8:26:51 PM,8:57:08 PM,14:24:22,1:14:40 PM,4:54 AM,9:34 PM,4:13 AM,10:16 PM
7/24/2012,5:33:08 AM,6:03:19 AM,8:26:02 PM,8:56:13 PM,14:22:43,1:14:40 PM,4:55 AM,9:33 PM,4:14 AM,10:14 PM
7/25/2012,5:34:04 AM,6:04:10 AM,8:25:11 PM,8:55:17 PM,14:21:01,1:14:40 PM,4:56 AM,9:32 PM,4:15 AM,10:13 PM
7/26/2012,5:35:00 AM,6:05:01 AM,8:24:18 PM,8:54:19 PM,14:19:17,1:14:40 PM,4:57 AM,9:31 PM,4:17 AM,10:12 PM
7/27/2012,5:35:57 AM,6:05:53 AM,8:23:24 PM,8:53:19 PM,14:17:31,1:14:38 PM,4:59 AM,9:30 PM,4:18 AM,10:10 PM
7/28/2012,5:36:55 AM,6:06:45 AM,8:22:28 PM,8:52:18 PM,14:15:43,1:14:37 PM,5:00 AM,9:29 PM,4:19 AM,10:09 PM
7/29/2012,5:37:53 AM,6:07:38 AM,8:21:31 PM,8:51:16 PM,14:13:53,1:14:34 PM,5:01 AM,9:27 PM,4:21 AM,10:07 PM
7/30/2012,5:38:51 AM,6:08:30 AM,8:20:32 PM,8:50:11 PM,14:12:02,1:14:31 PM,5:02 AM,9:26 PM,4:22 AM,10:06 PM
7/31/2012,5:39:49 AM,6:09:23 AM,8:19:31 PM,8:49:06 PM,14:10:08,1:14:27 PM,5:03 AM,9:25 PM,4:23 AM,10:05 PM
8/1/2012,5:40:48 AM,6:10:17 AM,8:18:30 PM,8:47:59 PM,14:08:13,1:14:23 PM,5:04 AM,9:24 PM,4:25 AM,10:03 PM
8/2/2012,5:41:46 AM,6:11:10 AM,8:17:26 PM,8:46:50 PM,14:06:16,1:14:18 PM,5:05 AM,9:22 PM,4:26 AM,10:02 PM
8/3/2012,5:42:45 AM,6:12:04 AM,8:16:22 PM,8:45:40 PM,14:04:18,1:14:13 PM,5:06 AM,9:21 PM,4:27 AM,10:00 PM
8/4/2012,5:43:44 AM,6:12:57 AM,8:15:16 PM,8:44:29 PM,14:02:19,1:14:07 PM,5:07 AM,9:20 PM,4:29 AM,9:58 PM
8/5/2012,5:44:44 AM,6:13:51 AM,8:14:08 PM,8:43:16 PM,14:00:17,1:14:00 PM,5:09 AM,9:18 PM,4:30 AM,9:57 PM
8/6/2012,5:45:43 AM,6:14:45 AM,8:13:00 PM,8:42:02 PM,13:58:15,1:13:53 PM,5:10 AM,9:17 PM,4:32 AM,9:55 PM
8/7/2012,5:46:42 AM,6:15:40 AM,8:11:50 PM,8:40:47 PM,13:56:10,1:13:45 PM,5:11 AM,9:16 PM,4:33 AM,9:54 PM
8/8/2012,5:47:42 AM,6:16:34 AM,8:10:39 PM,8:39:31 PM,13:54:05,1:13:36 PM,5:12 AM,9:14 PM,4:34 AM,9:52 PM
8/9/2012,5:48:41 AM,6:17:28 AM,8:09:26 PM,8:38:13 PM,13:51:58,1:13:27 PM,5:13 AM,9:13 PM,4:36 AM,9:50 PM
8/10/2012,5:49:41 AM,6:18:23 AM,8:08:13 PM,8:36:55 PM,13:49:50,1:13:18 PM,5:14 AM,9:11 PM,4:37 AM,9:49 PM
8/11/2012,5:50:40 AM,6:19:17 AM,8:06:58 PM,8:35:35 PM,13:47:41,1:13:07 PM,5:15 AM,9:10 PM,4:38 AM,9:47 PM
8/12/2012,5:51:40 AM,6:20:11 AM,8:05:42 PM,8:34:14 PM,13:45:31,1:12:57 PM,5:17 AM,9:08 PM,4:40 AM,9:45 PM
8/13/2012,5:52:39 AM,6:21:06 AM,8:04:25 PM,8:32:52 PM,13:43:19,1:12:45 PM,5:18 AM,9:07 PM,4:41 AM,9:44 PM
8/14/2012,5:53:38 AM,6:22:00 AM,8:03:07 PM,8:31:29 PM,13:41:07,1:12:34 PM,5:19 AM,9:05 PM,4:42 AM,9:42 PM
8/15/2012,5:54:37 AM,6:22:55 AM,8:01:48 PM,8:30:05 PM,13:38:53,1:12:21 PM,5:20 AM,9:04 PM,4:44 AM,9:40 PM
8/16/2012,5:55:37 AM,6:23:49 AM,8:00:28 PM,8:28:40 PM,13:36:39,1:12:08 PM,5:21 AM,9:02 PM,4:45 AM,9:38 PM
8/17/2012,5:56:36 AM,6:24:44 AM,7:59:07 PM,8:27:15 PM,13:34:23,1:11:55 PM,5:22 AM,9:01 PM,4:46 AM,9:37 PM
8/18/2012,5:57:34 AM,6:25:38 AM,7:57:45 PM,8:25:48 PM,13:32:07,1:11:41 PM,5:23 AM,8:59 PM,4:47 AM,9:35 PM
8/19/2012,5:58:33 AM,6:26:32 AM,7:56:22 PM,8:24:21 PM,13:29:50,1:11:27 PM,5:24 AM,8:58 PM,4:49 AM,9:33 PM
8/20/2012,5:59:32 AM,6:27:27 AM,7:54:58 PM,8:22:52 PM,13:27:31,1:11:12 PM,5:25 AM,8:56 PM,4:50 AM,9:31 PM
8/21/2012,6:00:30 AM,6:28:21 AM,7:53:33 PM,8:21:23 PM,13:25:12,1:10:57 PM,5:27 AM,8:54 PM,4:51 AM,9:30 PM
8/22/2012,6:01:29 AM,6:29:15 AM,7:52:07 PM,8:19:54 PM,13:22:52,1:10:41 PM,5:28 AM,8:53 PM,4:52 AM,9:28 PM
8/23/2012,6:02:27 AM,6:30:09 AM,7:50:41 PM,8:18:23 PM,13:20:32,1:10:25 PM,5:29 AM,8:51 PM,4:54 AM,9:26 PM
8/24/2012,6:03:25 AM,6:31:03 AM,7:49:14 PM,8:16:52 PM,13:18:11,1:10:09 PM,5:30 AM,8:50 PM,4:55 AM,9:24 PM
8/25/2012,6:04:23 AM,6:31:57 AM,7:47:46 PM,8:15:20 PM,13:15:49,1:09:52 PM,5:31 AM,8:48 PM,4:56 AM,9:23 PM
8/26/2012,6:05:21 AM,6:32:51 AM,7:46:18 PM,8:13:48 PM,13:13:27,1:09:34 PM,5:32 AM,8:46 PM,4:57 AM,9:21 PM
8/27/2012,6:06:18 AM,6:33:45 AM,7:44:48 PM,8:12:15 PM,13:11:03,1:09:17 PM,5:33 AM,8:45 PM,4:59 AM,9:19 PM
8/28/2012,6:07:15 AM,6:34:39 AM,7:43:18 PM,8:10:42 PM,13:08:39,1:08:59 PM,5:34 AM,8:43 PM,5:00 AM,9:17 PM
8/29/2012,6:08:13 AM,6:35:32 AM,7:41:48 PM,8:09:08 PM,13:06:16,1:08:40 PM,5:35 AM,8:41 PM,5:01 AM,9:15 PM
8/30/2012,6:09:10 AM,6:36:26 AM,7:40:17 PM,8:07:33 PM,13:03:51,1:08:21 PM,5:36 AM,8:40 PM,5:02 AM,9:13 PM
8/31/2012,6:10:07 AM,6:37:20 AM,7:38:45 PM,8:05:58 PM,13:01:25,1:08:02 PM,5:37 AM,8:38 PM,5:03 AM,9:12 PM
9/1/2012,6:11:03 AM,6:38:13 AM,7:37:13 PM,8:04:23 PM,12:59:00,1:07:43 PM,5:38 AM,8:36 PM,5:05 AM,9:10 PM
9/2/2012,6:12:00 AM,6:39:07 AM,7:35:40 PM,8:02:47 PM,12:56:33,1:07:24 PM,5:39 AM,8:35 PM,5:06 AM,9:08 PM
9/3/2012,6:12:56 AM,6:40:00 AM,7:34:07 PM,8:01:11 PM,12:54:07,1:07:04 PM,5:40 AM,8:33 PM,5:07 AM,9:06 PM
9/4/2012,6:13:53 AM,6:40:54 AM,7:32:34 PM,7:59:35 PM,12:51:40,1:06:44 PM,5:41 AM,8:31 PM,5:08 AM,9:04 PM
9/5/2012,6:14:49 AM,6:41:47 AM,7:31:00 PM,7:57:58 PM,12:49:13,1:06:23 PM,5:42 AM,8:30 PM,5:09 AM,9:03 PM
9/6/2012,6:15:45 AM,6:42:40 AM,7:29:25 PM,7:56:21 PM,12:46:45,1:06:03 PM,5:43 AM,8:28 PM,5:10 AM,9:01 PM
9/7/2012,6:16:41 AM,6:43:34 AM,7:27:51 PM,7:54:44 PM,12:44:17,1:05:42 PM,5:44 AM,8:26 PM,5:11 AM,8:59 PM
9/8/2012,6:17:36 AM,6:44:27 AM,7:26:16 PM,7:53:06 PM,12:41:49,1:05:21 PM,5:45 AM,8:24 PM,5:13 AM,8:57 PM
9/9/2012,6:18:32 AM,6:45:21 AM,7:24:40 PM,7:51:29 PM,12:39:19,1:05:00 PM,5:46 AM,8:23 PM,5:14 AM,8:55 PM
9/10/2012,6:19:28 AM,6:46:14 AM,7:23:05 PM,7:49:51 PM,12:36:51,1:04:39 PM,5:47 AM,8:21 PM,5:15 AM,8:54 PM
9/11/2012,6:20:23 AM,6:47:07 AM,7:21:29 PM,7:48:13 PM,12:34:22,1:04:18 PM,5:48 AM,8:19 PM,5:16 AM,8:52 PM
9/12/2012,6:21:18 AM,6:48:01 AM,7:19:53 PM,7:46:35 PM,12:31:52,1:03:57 PM,5:49 AM,8:18 PM,5:17 AM,8:50 PM
9/13/2012,6:22:14 AM,6:48:54 AM,7:18:17 PM,7:44:57 PM,12:29:23,1:03:35 PM,5:50 AM,8:16 PM,5:18 AM,8:48 PM
9/14/2012,6:23:09 AM,6:49:48 AM,7:16:40 PM,7:43:19 PM,12:26:52,1:03:14 PM,5:51 AM,8:14 PM,5:19 AM,8:46 PM
9/15/2012,6:24:04 AM,6:50:42 AM,7:15:04 PM,7:41:41 PM,12:24:22,1:02:53 PM,5:52 AM,8:13 PM,5:20 AM,8:45 PM
9/16/2012,6:24:59 AM,6:51:35 AM,7:13:27 PM,7:40:03 PM,12:21:52,1:02:31 PM,5:53 AM,8:11 PM,5:21 AM,8:43 PM
9/17/2012,6:25:54 AM,6:52:29 AM,7:11:51 PM,7:38:26 PM,12:19:22,1:02:10 PM,5:54 AM,8:09 PM,5:22 AM,8:41 PM
9/18/2012,6:26:49 AM,6:53:23 AM,7:10:14 PM,7:36:48 PM,12:16:51,1:01:48 PM,5:55 AM,8:08 PM,5:23 AM,8:39 PM
9/19/2012,6:27:44 AM,6:54:17 AM,7:08:37 PM,7:35:10 PM,12:14:20,1:01:27 PM,5:56 AM,8:06 PM,5:24 AM,8:38 PM
9/20/2012,6:28:39 AM,6:55:11 AM,7:07:01 PM,7:33:33 PM,12:11:50,1:01:06 PM,5:57 AM,8:04 PM,5:25 AM,8:36 PM
9/21/2012,6:29:34 AM,6:56:05 AM,7:05:24 PM,7:31:55 PM,12:09:19,1:00:45 PM,5:58 AM,8:03 PM,5:26 AM,8:34 PM
9/22/2012,6:30:29 AM,6:56:59 AM,7:03:48 PM,7:30:18 PM,12:06:49,1:00:24 PM,5:59 AM,8:01 PM,5:27 AM,8:32 PM
9/23/2012,6:31:24 AM,6:57:54 AM,7:02:12 PM,7:28:41 PM,12:04:18,1:00:03 PM,6:00 AM,7:59 PM,5:28 AM,8:31 PM
9/24/2012,6:32:19 AM,6:58:49 AM,7:00:35 PM,7:27:05 PM,12:01:46,12:59:42 PM,6:01 AM,7:58 PM,5:29 AM,8:29 PM
9/25/2012,6:33:14 AM,6:59:43 AM,6:58:59 PM,7:25:29 PM,11:59:16,12:59:21 PM,6:02 AM,7:56 PM,5:30 AM,8:27 PM
9/26/2012,6:34:10 AM,7:00:38 AM,6:57:24 PM,7:23:53 PM,11:56:46,12:59:01 PM,6:03 AM,7:54 PM,5:31 AM,8:26 PM
9/27/2012,6:35:05 AM,7:01:34 AM,6:55:48 PM,7:22:17 PM,11:54:14,12:58:41 PM,6:04 AM,7:53 PM,5:32 AM,8:24 PM
9/28/2012,6:36:00 AM,7:02:29 AM,6:54:13 PM,7:20:42 PM,11:51:44,12:58:21 PM,6:05 AM,7:51 PM,5:33 AM,8:22 PM
9/29/2012,6:36:56 AM,7:03:25 AM,6:52:38 PM,7:19:07 PM,11:49:13,12:58:01 PM,6:06 AM,7:50 PM,5:34 AM,8:21 PM
9/30/2012,6:37:51 AM,7:04:21 AM,6:51:03 PM,7:17:33 PM,11:46:42,12:57:42 PM,6:06 AM,7:48 PM,5:35 AM,8:19 PM
10/1/2012,6:38:47 AM,7:05:17 AM,6:49:29 PM,7:15:59 PM,11:44:12,12:57:23 PM,6:07 AM,7:46 PM,5:36 AM,8:17 PM
10/2/2012,6:39:43 AM,7:06:13 AM,6:47:55 PM,7:14:26 PM,11:41:42,12:57:04 PM,6:08 AM,7:45 PM,5:37 AM,8:16 PM
10/3/2012,6:40:39 AM,7:07:10 AM,6:46:22 PM,7:12:53 PM,11:39:12,12:56:46 PM,6:09 AM,7:43 PM,5:38 AM,8:14 PM
10/4/2012,6:41:35 AM,7:08:07 AM,6:44:49 PM,7:11:21 PM,11:36:42,12:56:28 PM,6:10 AM,7:42 PM,5:39 AM,8:13 PM
10/5/2012,6:42:31 AM,7:09:04 AM,6:43:16 PM,7:09:49 PM,11:34:12,12:56:10 PM,6:11 AM,7:40 PM,5:40 AM,8:11 PM
10/6/2012,6:43:27 AM,7:10:01 AM,6:41:44 PM,7:08:18 PM,11:31:43,12:55:53 PM,6:12 AM,7:39 PM,5:41 AM,8:10 PM
10/7/2012,6:44:24 AM,7:10:59 AM,6:40:13 PM,7:06:48 PM,11:29:14,12:55:36 PM,6:13 AM,7:37 PM,5:42 AM,8:08 PM
10/8/2012,6:45:21 AM,7:11:57 AM,6:38:42 PM,7:05:18 PM,11:26:45,12:55:19 PM,6:14 AM,7:36 PM,5:43 AM,8:07 PM
10/9/2012,6:46:18 AM,7:12:55 AM,6:37:12 PM,7:03:49 PM,11:24:17,12:55:03 PM,6:15 AM,7:34 PM,5:44 AM,8:05 PM
10/10/2012,6:47:15 AM,7:13:54 AM,6:35:42 PM,7:02:21 PM,11:21:48,12:54:48 PM,6:16 AM,7:33 PM,5:45 AM,8:04 PM
10/11/2012,6:48:12 AM,7:14:53 AM,6:34:13 PM,7:00:54 PM,11:19:20,12:54:33 PM,6:17 AM,7:31 PM,5:46 AM,8:02 PM
10/12/2012,6:49:10 AM,7:15:52 AM,6:32:45 PM,6:59:27 PM,11:16:53,12:54:18 PM,6:18 AM,7:30 PM,5:47 AM,8:01 PM
10/13/2012,6:50:08 AM,7:16:52 AM,6:31:17 PM,6:58:01 PM,11:14:25,12:54:04 PM,6:19 AM,7:28 PM,5:48 AM,7:59 PM
10/14/2012,6:51:06 AM,7:17:52 AM,6:29:50 PM,6:56:36 PM,11:11:58,12:53:51 PM,6:20 AM,7:27 PM,5:49 AM,7:58 PM
10/15/2012,6:52:04 AM,7:18:52 AM,6:28:24 PM,6:55:12 PM,11:09:32,12:53:38 PM,6:21 AM,7:26 PM,5:50 AM,7:57 PM
10/16/2012,6:53:03 AM,7:19:53 AM,6:26:59 PM,6:53:49 PM,11:07:06,12:53:26 PM,6:22 AM,7:24 PM,5:51 AM,7:55 PM
10/17/2012,6:54:01 AM,7:20:54 AM,6:25:35 PM,6:52:27 PM,11:04:41,12:53:14 PM,6:23 AM,7:23 PM,5:52 AM,7:54 PM
10/18/2012,6:55:00 AM,7:21:55 AM,6:24:12 PM,6:51:06 PM,11:02:17,12:53:03 PM,6:24 AM,7:22 PM,5:53 AM,7:52 PM
10/19/2012,6:56:00 AM,7:22:57 AM,6:22:49 PM,6:49:46 PM,10:59:52,12:52:53 PM,6:24 AM,7:20 PM,5:54 AM,7:51 PM
10/20/2012,6:56:59 AM,7:23:59 AM,6:21:28 PM,6:48:28 PM,10:57:29,12:52:43 PM,6:25 AM,7:19 PM,5:55 AM,7:50 PM
10/21/2012,6:57:59 AM,7:25:01 AM,6:20:08 PM,6:47:10 PM,10:55:07,12:52:34 PM,6:26 AM,7:18 PM,5:56 AM,7:49 PM
10/22/2012,6:58:59 AM,7:26:03 AM,6:18:48 PM,6:45:53 PM,10:52:45,12:52:26 PM,6:27 AM,7:17 PM,5:56 AM,7:47 PM
10/23/2012,6:59:59 AM,7:27:06 AM,6:17:30 PM,6:44:37 PM,10:50:24,12:52:18 PM,6:28 AM,7:15 PM,5:57 AM,7:46 PM
10/24/2012,7:00:59 AM,7:28:10 AM,6:16:13 PM,6:43:23 PM,10:48:03,12:52:11 PM,6:29 AM,7:14 PM,5:58 AM,7:45 PM
10/25/2012,7:02:00 AM,7:29:13 AM,6:14:57 PM,6:42:10 PM,10:45:44,12:52:05 PM,6:30 AM,7:13 PM,5:59 AM,7:44 PM
10/26/2012,7:03:01 AM,7:30:17 AM,6:13:42 PM,6:40:58 PM,10:43:25,12:51:59 PM,6:31 AM,7:12 PM,6:00 AM,7:43 PM
10/27/2012,7:04:02 AM,7:31:21 AM,6:12:28 PM,6:39:47 PM,10:41:07,12:51:55 PM,6:32 AM,7:11 PM,6:01 AM,7:42 PM
10/28/2012,7:05:03 AM,7:32:26 AM,6:11:16 PM,6:38:38 PM,10:38:50,12:51:51 PM,6:33 AM,7:10 PM,6:02 AM,7:41 PM
10/29/2012,7:06:05 AM,7:33:31 AM,6:10:04 PM,6:37:30 PM,10:36:33,12:51:47 PM,6:34 AM,7:08 PM,6:03 AM,7:39 PM
10/30/2012,7:07:06 AM,7:34:36 AM,6:08:54 PM,6:36:24 PM,10:34:18,12:51:45 PM,6:35 AM,7:07 PM,6:04 AM,7:38 PM
10/31/2012,7:08:08 AM,7:35:41 AM,6:07:46 PM,6:35:19 PM,10:32:05,12:51:43 PM,6:36 AM,7:06 PM,6:05 AM,7:37 PM
11/1/2012,7:09:10 AM,7:36:46 AM,6:06:39 PM,6:34:15 PM,10:29:53,12:51:43 PM,6:37 AM,7:05 PM,6:06 AM,7:36 PM
11/2/2012,7:10:12 AM,7:37:52 AM,6:05:33 PM,6:33:13 PM,10:27:41,12:51:43 PM,6:38 AM,7:04 PM,6:07 AM,7:35 PM
11/3/2012,7:11:15 AM,7:38:58 AM,6:04:29 PM,6:32:12 PM,10:25:31,12:51:43 PM,6:39 AM,7:03 PM,6:08 AM,7:34 PM
11/4/2012,6:12:20 AM,6:40:07 AM,5:03:23 PM,5:31:10 PM,10:23:16,11:51:45 AM,5:40 AM,6:02 PM,5:09 AM,6:34 PM
11/5/2012,6:13:22 AM,6:41:13 AM,5:02:22 PM,5:30:13 PM,10:21:09,11:51:47 AM,5:41 AM,6:01 PM,5:10 AM,6:33 PM
11/6/2012,6:14:25 AM,6:42:19 AM,5:01:23 PM,5:29:17 PM,10:19:04,11:51:51 AM,5:42 AM,6:01 PM,5:11 AM,6:32 PM
11/7/2012,6:15:28 AM,6:43:26 AM,5:00:24 PM,5:28:22 PM,10:16:58,11:51:55 AM,5:43 AM,6:00 PM,5:12 AM,6:31 PM
11/8/2012,6:16:30 AM,6:44:32 AM,4:59:28 PM,5:27:30 PM,10:14:56,11:52:00 AM,5:44 AM,5:59 PM,5:13 AM,6:30 PM
11/9/2012,6:17:33 AM,6:45:39 AM,4:58:33 PM,5:26:38 PM,10:12:54,11:52:06 AM,5:45 AM,5:58 PM,5:14 AM,6:29 PM
11/10/2012,6:18:36 AM,6:46:45 AM,4:57:40 PM,5:25:49 PM,10:10:55,11:52:13 AM,5:46 AM,5:57 PM,5:15 AM,6:29 PM
11/11/2012,6:19:39 AM,6:47:52 AM,4:56:49 PM,5:25:02 PM,10:08:57,11:52:20 AM,5:47 AM,5:57 PM,5:16 AM,6:28 PM
11/12/2012,6:20:41 AM,6:48:58 AM,4:55:59 PM,5:24:16 PM,10:07:01,11:52:29 AM,5:48 AM,5:56 PM,5:17 AM,6:27 PM
11/13/2012,6:21:44 AM,6:50:04 AM,4:55:11 PM,5:23:32 PM,10:05:07,11:52:38 AM,5:49 AM,5:55 PM,5:18 AM,6:27 PM
11/14/2012,6:22:46 AM,6:51:11 AM,4:54:25 PM,5:22:49 PM,10:03:14,11:52:48 AM,5:50 AM,5:55 PM,5:19 AM,6:26 PM
11/15/2012,6:23:49 AM,6:52:17 AM,4:53:41 PM,5:22:09 PM,10:01:24,11:52:59 AM,5:51 AM,5:54 PM,5:19 AM,6:26 PM
11/16/2012,6:24:51 AM,6:53:23 AM,4:52:58 PM,5:21:30 PM,9:59:35,11:53:11 AM,5:52 AM,5:53 PM,5:20 AM,6:25 PM
11/17/2012,6:25:53 AM,6:54:29 AM,4:52:18 PM,5:20:54 PM,9:57:49,11:53:23 AM,5:53 AM,5:53 PM,5:21 AM,6:24 PM
11/18/2012,6:26:54 AM,6:55:34 AM,4:51:39 PM,5:20:19 PM,9:56:05,11:53:37 AM,5:54 AM,5:52 PM,5:22 AM,6:24 PM
11/19/2012,6:27:56 AM,6:56:39 AM,4:51:03 PM,5:19:46 PM,9:54:24,11:53:51 AM,5:55 AM,5:52 PM,5:23 AM,6:24 PM
11/20/2012,6:28:57 AM,6:57:44 AM,4:50:28 PM,5:19:15 PM,9:52:44,11:54:06 AM,5:56 AM,5:51 PM,5:24 AM,6:23 PM
11/21/2012,6:29:58 AM,6:58:48 AM,4:49:55 PM,5:18:46 PM,9:51:07,11:54:22 AM,5:57 AM,5:51 PM,5:25 AM,6:23 PM
11/22/2012,6:30:58 AM,6:59:52 AM,4:49:25 PM,5:18:19 PM,9:49:33,11:54:38 AM,5:58 AM,5:50 PM,5:26 AM,6:22 PM
11/23/2012,6:31:58 AM,7:00:56 AM,4:48:56 PM,5:17:54 PM,9:48:00,11:54:56 AM,5:59 AM,5:50 PM,5:27 AM,6:22 PM
11/24/2012,6:32:57 AM,7:01:58 AM,4:48:30 PM,5:17:31 PM,9:46:32,11:55:14 AM,6:00 AM,5:50 PM,5:28 AM,6:22 PM
11/25/2012,6:33:56 AM,7:03:01 AM,4:48:05 PM,5:17:10 PM,9:45:04,11:55:33 AM,6:01 AM,5:49 PM,5:29 AM,6:21 PM
11/26/2012,6:34:54 AM,7:04:02 AM,4:47:43 PM,5:16:51 PM,9:43:41,11:55:53 AM,6:02 AM,5:49 PM,5:30 AM,6:21 PM
11/27/2012,6:35:52 AM,7:05:03 AM,4:47:23 PM,5:16:34 PM,9:42:20,11:56:13 AM,6:02 AM,5:49 PM,5:30 AM,6:21 PM
11/28/2012,6:36:49 AM,7:06:03 AM,4:47:05 PM,5:16:19 PM,9:41:02,11:56:34 AM,6:03 AM,5:49 PM,5:31 AM,6:21 PM
11/29/2012,6:37:45 AM,7:07:03 AM,4:46:49 PM,5:16:06 PM,9:39:46,11:56:56 AM,6:04 AM,5:49 PM,5:32 AM,6:21 PM
11/30/2012,6:38:41 AM,7:08:01 AM,4:46:35 PM,5:15:55 PM,9:38:34,11:57:18 AM,6:05 AM,5:48 PM,5:33 AM,6:21 PM
12/1/2012,6:39:36 AM,7:08:59 AM,4:46:23 PM,5:15:47 PM,9:37:24,11:57:41 AM,6:06 AM,5:48 PM,5:34 AM,6:21 PM
12/2/2012,6:40:29 AM,7:09:56 AM,4:46:14 PM,5:15:40 PM,9:36:18,11:58:05 AM,6:07 AM,5:48 PM,5:35 AM,6:20 PM
12/3/2012,6:41:22 AM,7:10:51 AM,4:46:07 PM,5:15:35 PM,9:35:16,11:58:29 AM,6:08 AM,5:48 PM,5:35 AM,6:20 PM
12/4/2012,6:42:15 AM,7:11:46 AM,4:46:02 PM,5:15:33 PM,9:34:16,11:58:54 AM,6:09 AM,5:48 PM,5:36 AM,6:21 PM
12/5/2012,6:43:06 AM,7:12:39 AM,4:45:59 PM,5:15:33 PM,9:33:20,11:59:19 AM,6:09 AM,5:48 PM,5:37 AM,6:21 PM
12/6/2012,6:43:56 AM,7:13:32 AM,4:45:58 PM,5:15:34 PM,9:32:26,11:59:45 AM,6:10 AM,5:48 PM,5:38 AM,6:21 PM
12/7/2012,6:44:45 AM,7:14:23 AM,4:46:00 PM,5:15:38 PM,9:31:37,12:00:11 PM,6:11 AM,5:48 PM,5:39 AM,6:21 PM
12/8/2012,6:45:32 AM,7:15:13 AM,4:46:03 PM,5:15:44 PM,9:30:50,12:00:38 PM,6:12 AM,5:49 PM,5:39 AM,6:21 PM
12/9/2012,6:46:19 AM,7:16:01 AM,4:46:09 PM,5:15:51 PM,9:30:08,12:01:05 PM,6:12 AM,5:49 PM,5:40 AM,6:21 PM
12/10/2012,6:47:05 AM,7:16:48 AM,4:46:17 PM,5:16:01 PM,9:29:29,12:01:33 PM,6:13 AM,5:49 PM,5:41 AM,6:21 PM
12/11/2012,6:47:49 AM,7:17:34 AM,4:46:27 PM,5:16:13 PM,9:28:53,12:02:01 PM,6:14 AM,5:49 PM,5:42 AM,6:22 PM
12/12/2012,6:48:32 AM,7:18:18 AM,4:46:40 PM,5:16:27 PM,9:28:22,12:02:29 PM,6:15 AM,5:49 PM,5:42 AM,6:22 PM
12/13/2012,6:49:13 AM,7:19:01 AM,4:46:54 PM,5:16:42 PM,9:27:53,12:02:58 PM,6:15 AM,5:50 PM,5:43 AM,6:22 PM
12/14/2012,6:49:53 AM,7:19:42 AM,4:47:11 PM,5:17:00 PM,9:27:29,12:03:27 PM,6:16 AM,5:50 PM,5:43 AM,6:22 PM
12/15/2012,6:50:32 AM,7:20:22 AM,4:47:30 PM,5:17:20 PM,9:27:08,12:03:56 PM,6:17 AM,5:50 PM,5:44 AM,6:23 PM
12/16/2012,6:51:09 AM,7:21:00 AM,4:47:50 PM,5:17:41 PM,9:26:50,12:04:25 PM,6:17 AM,5:51 PM,5:45 AM,6:23 PM
12/17/2012,6:51:44 AM,7:21:36 AM,4:48:13 PM,5:18:05 PM,9:26:37,12:04:54 PM,6:18 AM,5:51 PM,5:45 AM,6:24 PM
12/18/2012,6:52:18 AM,7:22:10 AM,4:48:38 PM,5:18:30 PM,9:26:28,12:05:24 PM,6:18 AM,5:52 PM,5:46 AM,6:24 PM
12/19/2012,6:52:51 AM,7:22:43 AM,4:49:05 PM,5:18:57 PM,9:26:22,12:05:54 PM,6:19 AM,5:52 PM,5:46 AM,6:24 PM
12/20/2012,6:53:22 AM,7:23:14 AM,4:49:34 PM,5:19:26 PM,9:26:20,12:06:24 PM,6:19 AM,5:52 PM,5:47 AM,6:25 PM
12/21/2012,6:53:51 AM,7:23:43 AM,4:50:04 PM,5:19:56 PM,9:26:21,12:06:54 PM,6:20 AM,5:53 PM,5:47 AM,6:25 PM
12/22/2012,6:54:18 AM,7:24:10 AM,4:50:37 PM,5:20:29 PM,9:26:27,12:07:23 PM,6:20 AM,5:53 PM,5:48 AM,6:26 PM
12/23/2012,6:54:44 AM,7:24:35 AM,4:51:11 PM,5:21:03 PM,9:26:36,12:07:53 PM,6:21 AM,5:54 PM,5:48 AM,6:27 PM
12/24/2012,6:55:07 AM,7:24:58 AM,4:51:48 PM,5:21:39 PM,9:26:50,12:08:23 PM,6:21 AM,5:55 PM,5:49 AM,6:27 PM
12/25/2012,6:55:29 AM,7:25:19 AM,4:52:26 PM,5:22:16 PM,9:27:07,12:08:53 PM,6:22 AM,5:55 PM,5:49 AM,6:28 PM
12/26/2012,6:55:49 AM,7:25:39 AM,4:53:06 PM,5:22:55 PM,9:27:27,12:09:22 PM,6:22 AM,5:56 PM,5:49 AM,6:28 PM
12/27/2012,6:56:08 AM,7:25:56 AM,4:53:47 PM,5:23:35 PM,9:27:51,12:09:51 PM,6:22 AM,5:57 PM,5:50 AM,6:29 PM
12/28/2012,6:56:24 AM,7:26:11 AM,4:54:30 PM,5:24:17 PM,9:28:19,12:10:21 PM,6:22 AM,5:57 PM,5:50 AM,6:30 PM
12/29/2012,6:56:39 AM,7:26:24 AM,4:55:15 PM,5:25:00 PM,9:28:51,12:10:50 PM,6:23 AM,5:58 PM,5:50 AM,6:30 PM
12/30/2012,6:56:51 AM,7:26:35 AM,4:56:01 PM,5:25:45 PM,9:29:26,12:11:18 PM,6:23 AM,5:59 PM,5:51 AM,6:31 PM
12/31/2012,6:57:02 AM,7:26:44 AM,4:56:49 PM,5:26:31 PM,9:30:05,12:11:47 PM,6:23 AM,5:59 PM,5:51 AM,6:32 PM
